freq,unit,na_item,geo,time,gdp_pc_real_index_2020,country,year
A,CLV_I20_HAB,B1GQ,BE,1995,77.286000000,BEL,1995
A,CLV_I20_HAB,B1GQ,BE,1996,78.155000000,BEL,1996
A,CLV_I20_HAB,B1GQ,BE,1997,80.928000000,BEL,1997
A,CLV_I20_HAB,B1GQ,BE,1998,82.340000000,BEL,1998
A,CLV_I20_HAB,B1GQ,BE,1999,85.057000000,BEL,1999
A,CLV_I20_HAB,B1GQ,BE,2000,88.005000000,BEL,2000
A,CLV_I20_HAB,B1GQ,BE,2001,88.667000000,BEL,2001
A,CLV_I20_HAB,B1GQ,BE,2002,89.777000000,BEL,2002
A,CLV_I20_HAB,B1GQ,BE,2003,90.330000000,BEL,2003
A,CLV_I20_HAB,B1GQ,BE,2004,93.152000000,BEL,2004
A,CLV_I20_HAB,B1GQ,BE,2005,94.792000000,BEL,2005
A,CLV_I20_HAB,B1GQ,BE,2006,96.572000000,BEL,2006
A,CLV_I20_HAB,B1GQ,BE,2007,99.390000000,BEL,2007
A,CLV_I20_HAB,B1GQ,BE,2008,99.049000000,BEL,2008
A,CLV_I20_HAB,B1GQ,BE,2009,96.382000000,BEL,2009
A,CLV_I20_HAB,B1GQ,BE,2010,98.094000000,BEL,2010
A,CLV_I20_HAB,B1GQ,BE,2011,98.695000000,BEL,2011
A,CLV_I20_HAB,B1GQ,BE,2012,98.298000000,BEL,2012
A,CLV_I20_HAB,B1GQ,BE,2013,98.134000000,BEL,2013
A,CLV_I20_HAB,B1GQ,BE,2014,99.424000000,BEL,2014
A,CLV_I20_HAB,B1GQ,BE,2015,100.307000000,BEL,2015
A,CLV_I20_HAB,B1GQ,BE,2016,100.992000000,BEL,2016
A,CLV_I20_HAB,B1GQ,BE,2017,102.086000000,BEL,2017
A,CLV_I20_HAB,B1GQ,BE,2018,103.531000000,BEL,2018
A,CLV_I20_HAB,B1GQ,BE,2019,105.489000000,BEL,2019
A,CLV_I20_HAB,B1GQ,BE,2020,100.000000000,BEL,2020
A,CLV_I20_HAB,B1GQ,BE,2021,105.818000000,BEL,2021
A,CLV_I20_HAB,B1GQ,BE,2022,109.192000000,BEL,2022
A,CLV_I20_HAB,B1GQ,BE,2023,109.957000000,BEL,2023
A,CLV_I20_HAB,B1GQ,BE,2024,110.505000000,BEL,2024
A,CLV_I20_HAB,B1GQ,BG,1995,47.653000000,BGR,1995
A,CLV_I20_HAB,B1GQ,BG,1996,50.393000000,BGR,1996
A,CLV_I20_HAB,B1GQ,BG,1997,43.544000000,BGR,1997
A,CLV_I20_HAB,B1GQ,BG,1998,45.497000000,BGR,1998
A,CLV_I20_HAB,B1GQ,BG,1999,41.911000000,BGR,1999
A,CLV_I20_HAB,B1GQ,BG,2000,44.051000000,BGR,2000
A,CLV_I20_HAB,B1GQ,BG,2001,47.220000000,BGR,2001
A,CLV_I20_HAB,B1GQ,BG,2002,50.275000000,BGR,2002
A,CLV_I20_HAB,B1GQ,BG,2003,53.214000000,BGR,2003
A,CLV_I20_HAB,B1GQ,BG,2004,56.988000000,BGR,2004
A,CLV_I20_HAB,B1GQ,BG,2005,61.334000000,BGR,2005
A,CLV_I20_HAB,B1GQ,BG,2006,65.854000000,BGR,2006
A,CLV_I20_HAB,B1GQ,BG,2007,70.596000000,BGR,2007
A,CLV_I20_HAB,B1GQ,BG,2008,75.281000000,BGR,2008
A,CLV_I20_HAB,B1GQ,BG,2009,73.128000000,BGR,2009
A,CLV_I20_HAB,B1GQ,BG,2010,74.767000000,BGR,2010
A,CLV_I20_HAB,B1GQ,BG,2011,78.261000000,BGR,2011
A,CLV_I20_HAB,B1GQ,BG,2012,79.753000000,BGR,2012
A,CLV_I20_HAB,B1GQ,BG,2013,80.482000000,BGR,2013
A,CLV_I20_HAB,B1GQ,BG,2014,82.239000000,BGR,2014
A,CLV_I20_HAB,B1GQ,BG,2015,86.121000000,BGR,2015
A,CLV_I20_HAB,B1GQ,BG,2016,89.887000000,BGR,2016
A,CLV_I20_HAB,B1GQ,BG,2017,93.586000000,BGR,2017
A,CLV_I20_HAB,B1GQ,BG,2018,97.089000000,BGR,2018
A,CLV_I20_HAB,B1GQ,BG,2019,102.204000000,BGR,2019
A,CLV_I20_HAB,B1GQ,BG,2020,100.000000000,BGR,2020
A,CLV_I20_HAB,B1GQ,BG,2021,108.547000000,BGR,2021
A,CLV_I20_HAB,B1GQ,BG,2022,113.718000000,BGR,2022
A,CLV_I20_HAB,B1GQ,BG,2023,115.962000000,BGR,2023
A,CLV_I20_HAB,B1GQ,BG,2024,119.986000000,BGR,2024
A,CLV_I20_HAB,B1GQ,CZ,1995,58.441000000,CZE,1995
A,CLV_I20_HAB,B1GQ,CZ,1996,60.968000000,CZE,1996
A,CLV_I20_HAB,B1GQ,CZ,1997,60.674000000,CZE,1997
A,CLV_I20_HAB,B1GQ,CZ,1998,60.486000000,CZE,1998
A,CLV_I20_HAB,B1GQ,CZ,1999,61.392000000,CZE,1999
A,CLV_I20_HAB,B1GQ,CZ,2000,63.919000000,CZE,2000
A,CLV_I20_HAB,B1GQ,CZ,2001,66.094000000,CZE,2001
A,CLV_I20_HAB,B1GQ,CZ,2002,67.248000000,CZE,2002
A,CLV_I20_HAB,B1GQ,CZ,2003,69.462000000,CZE,2003
A,CLV_I20_HAB,B1GQ,CZ,2004,72.715000000,CZE,2004
A,CLV_I20_HAB,B1GQ,CZ,2005,77.145000000,CZE,2005
A,CLV_I20_HAB,B1GQ,CZ,2006,81.993000000,CZE,2006
A,CLV_I20_HAB,B1GQ,CZ,2007,86.024000000,CZE,2007
A,CLV_I20_HAB,B1GQ,CZ,2008,87.366000000,CZE,2008
A,CLV_I20_HAB,B1GQ,CZ,2009,82.684000000,CZE,2009
A,CLV_I20_HAB,B1GQ,CZ,2010,84.720000000,CZE,2010
A,CLV_I20_HAB,B1GQ,CZ,2011,86.391000000,CZE,2011
A,CLV_I20_HAB,B1GQ,CZ,2012,85.642000000,CZE,2012
A,CLV_I20_HAB,B1GQ,CZ,2013,85.643000000,CZE,2013
A,CLV_I20_HAB,B1GQ,CZ,2014,87.554000000,CZE,2014
A,CLV_I20_HAB,B1GQ,CZ,2015,91.863000000,CZE,2015
A,CLV_I20_HAB,B1GQ,CZ,2016,94.179000000,CZE,2016
A,CLV_I20_HAB,B1GQ,CZ,2017,98.982000000,CZE,2017
A,CLV_I20_HAB,B1GQ,CZ,2018,101.656000000,CZE,2018
A,CLV_I20_HAB,B1GQ,CZ,2019,105.120000000,CZE,2019
A,CLV_I20_HAB,B1GQ,CZ,2020,100.000000000,CZE,2020
A,CLV_I20_HAB,B1GQ,CZ,2021,104.042000000,CZE,2021
A,CLV_I20_HAB,B1GQ,CZ,2022,104.432000000,CZE,2022
A,CLV_I20_HAB,B1GQ,CZ,2023,103.343000000,CZE,2023
A,CLV_I20_HAB,B1GQ,CZ,2024,104.470000000,CZE,2024
A,CLV_I20_HAB,B1GQ,DK,1995,77.485000000,DNK,1995
A,CLV_I20_HAB,B1GQ,DK,1996,79.242000000,DNK,1996
A,CLV_I20_HAB,B1GQ,DK,1997,81.406000000,DNK,1997
A,CLV_I20_HAB,B1GQ,DK,1998,83.012000000,DNK,1998
A,CLV_I20_HAB,B1GQ,DK,1999,85.197000000,DNK,1999
A,CLV_I20_HAB,B1GQ,DK,2000,88.073000000,DNK,2000
A,CLV_I20_HAB,B1GQ,DK,2001,88.597000000,DNK,2001
A,CLV_I20_HAB,B1GQ,DK,2002,88.699000000,DNK,2002
A,CLV_I20_HAB,B1GQ,DK,2003,88.860000000,DNK,2003
A,CLV_I20_HAB,B1GQ,DK,2004,91.098000000,DNK,2004
A,CLV_I20_HAB,B1GQ,DK,2005,92.981000000,DNK,2005
A,CLV_I20_HAB,B1GQ,DK,2006,96.206000000,DNK,2006
A,CLV_I20_HAB,B1GQ,DK,2007,96.735000000,DNK,2007
A,CLV_I20_HAB,B1GQ,DK,2008,95.765000000,DNK,2008
A,CLV_I20_HAB,B1GQ,DK,2009,90.509000000,DNK,2009
A,CLV_I20_HAB,B1GQ,DK,2010,91.531000000,DNK,2010
A,CLV_I20_HAB,B1GQ,DK,2011,92.350000000,DNK,2011
A,CLV_I20_HAB,B1GQ,DK,2012,92.006000000,DNK,2012
A,CLV_I20_HAB,B1GQ,DK,2013,92.913000000,DNK,2013
A,CLV_I20_HAB,B1GQ,DK,2014,93.599000000,DNK,2014
A,CLV_I20_HAB,B1GQ,DK,2015,94.911000000,DNK,2015
A,CLV_I20_HAB,B1GQ,DK,2016,97.037000000,DNK,2016
A,CLV_I20_HAB,B1GQ,DK,2017,99.373000000,DNK,2017
A,CLV_I20_HAB,B1GQ,DK,2018,100.718000000,DNK,2018
A,CLV_I20_HAB,B1GQ,DK,2019,102.036000000,DNK,2019
A,CLV_I20_HAB,B1GQ,DK,2020,100.000000000,DNK,2020
A,CLV_I20_HAB,B1GQ,DK,2021,106.051000000,DNK,2021
A,CLV_I20_HAB,B1GQ,DK,2022,105.584000000,DNK,2022
A,CLV_I20_HAB,B1GQ,DK,2023,105.480000000,DNK,2023
A,CLV_I20_HAB,B1GQ,DK,2024,108.622000000,DNK,2024
A,CLV_I20_HAB,B1GQ,DE,1995,74.936000000,DEU,1995
A,CLV_I20_HAB,B1GQ,DE,1996,75.567000000,DEU,1996
A,CLV_I20_HAB,B1GQ,DE,1997,76.927000000,DEU,1997
A,CLV_I20_HAB,B1GQ,DE,1998,78.601000000,DEU,1998
A,CLV_I20_HAB,B1GQ,DE,1999,80.298000000,DEU,1999
A,CLV_I20_HAB,B1GQ,DE,2000,82.573000000,DEU,2000
A,CLV_I20_HAB,B1GQ,DE,2001,83.862000000,DEU,2001
A,CLV_I20_HAB,B1GQ,DE,2002,83.608000000,DEU,2002
A,CLV_I20_HAB,B1GQ,DE,2003,83.195000000,DEU,2003
A,CLV_I20_HAB,B1GQ,DE,2004,84.257000000,DEU,2004
A,CLV_I20_HAB,B1GQ,DE,2005,85.128000000,DEU,2005
A,CLV_I20_HAB,B1GQ,DE,2006,88.598000000,DEU,2006
A,CLV_I20_HAB,B1GQ,DE,2007,91.362000000,DEU,2007
A,CLV_I20_HAB,B1GQ,DE,2008,92.433000000,DEU,2008
A,CLV_I20_HAB,B1GQ,DE,2009,87.613000000,DEU,2009
A,CLV_I20_HAB,B1GQ,DE,2010,91.461000000,DEU,2010
A,CLV_I20_HAB,B1GQ,DE,2011,94.909000000,DEU,2011
A,CLV_I20_HAB,B1GQ,DE,2012,95.219000000,DEU,2012
A,CLV_I20_HAB,B1GQ,DE,2013,95.440000000,DEU,2013
A,CLV_I20_HAB,B1GQ,DE,2014,97.230000000,DEU,2014
A,CLV_I20_HAB,B1GQ,DE,2015,98.132000000,DEU,2015
A,CLV_I20_HAB,B1GQ,DE,2016,99.674000000,DEU,2016
A,CLV_I20_HAB,B1GQ,DE,2017,102.250000000,DEU,2017
A,CLV_I20_HAB,B1GQ,DE,2018,103.261000000,DEU,2018
A,CLV_I20_HAB,B1GQ,DE,2019,104.212000000,DEU,2019
A,CLV_I20_HAB,B1GQ,DE,2020,100.000000000,DEU,2020
A,CLV_I20_HAB,B1GQ,DE,2021,104.076000000,DEU,2021
A,CLV_I20_HAB,B1GQ,DE,2022,105.273000000,DEU,2022
A,CLV_I20_HAB,B1GQ,DE,2023,103.408000000,DEU,2023
A,CLV_I20_HAB,B1GQ,DE,2024,102.612000000,DEU,2024
A,CLV_I20_HAB,B1GQ,EE,1995,35.648000000,EST,1995
A,CLV_I20_HAB,B1GQ,EE,1996,38.012000000,EST,1996
A,CLV_I20_HAB,B1GQ,EE,1997,43.559000000,EST,1997
A,CLV_I20_HAB,B1GQ,EE,1998,45.870000000,EST,1998
A,CLV_I20_HAB,B1GQ,EE,1999,46.136000000,EST,1999
A,CLV_I20_HAB,B1GQ,EE,2000,49.989000000,EST,2000
A,CLV_I20_HAB,B1GQ,EE,2001,53.255000000,EST,2001
A,CLV_I20_HAB,B1GQ,EE,2002,57.326000000,EST,2002
A,CLV_I20_HAB,B1GQ,EE,2003,62.053000000,EST,2003
A,CLV_I20_HAB,B1GQ,EE,2004,66.705000000,EST,2004
A,CLV_I20_HAB,B1GQ,EE,2005,73.455000000,EST,2005
A,CLV_I20_HAB,B1GQ,EE,2006,81.115000000,EST,2006
A,CLV_I20_HAB,B1GQ,EE,2007,87.763000000,EST,2007
A,CLV_I20_HAB,B1GQ,EE,2008,83.545000000,EST,2008
A,CLV_I20_HAB,B1GQ,EE,2009,71.467000000,EST,2009
A,CLV_I20_HAB,B1GQ,EE,2010,73.349000000,EST,2010
A,CLV_I20_HAB,B1GQ,EE,2011,79.142000000,EST,2011
A,CLV_I20_HAB,B1GQ,EE,2012,82.327000000,EST,2012
A,CLV_I20_HAB,B1GQ,EE,2013,84.091000000,EST,2013
A,CLV_I20_HAB,B1GQ,EE,2014,87.175000000,EST,2014
A,CLV_I20_HAB,B1GQ,EE,2015,88.947000000,EST,2015
A,CLV_I20_HAB,B1GQ,EE,2016,91.517000000,EST,2016
A,CLV_I20_HAB,B1GQ,EE,2017,96.695000000,EST,2017
A,CLV_I20_HAB,B1GQ,EE,2018,100.004000000,EST,2018
A,CLV_I20_HAB,B1GQ,EE,2019,103.286000000,EST,2019
A,CLV_I20_HAB,B1GQ,EE,2020,100.000000000,EST,2020
A,CLV_I20_HAB,B1GQ,EE,2021,108.159000000,EST,2021
A,CLV_I20_HAB,B1GQ,EE,2022,106.694000000,EST,2022
A,CLV_I20_HAB,B1GQ,EE,2023,101.177000000,EST,2023
A,CLV_I20_HAB,B1GQ,EE,2024,100.438000000,EST,2024
A,CLV_I20_HAB,B1GQ,IE,1995,35.435000000,IRL,1995
A,CLV_I20_HAB,B1GQ,IE,1996,37.789000000,IRL,1996
A,CLV_I20_HAB,B1GQ,IE,1997,41.517000000,IRL,1997
A,CLV_I20_HAB,B1GQ,IE,1998,44.550000000,IRL,1998
A,CLV_I20_HAB,B1GQ,IE,1999,48.709000000,IRL,1999
A,CLV_I20_HAB,B1GQ,IE,2000,52.596000000,IRL,2000
A,CLV_I20_HAB,B1GQ,IE,2001,54.533000000,IRL,2001
A,CLV_I20_HAB,B1GQ,IE,2002,56.751000000,IRL,2002
A,CLV_I20_HAB,B1GQ,IE,2003,57.508000000,IRL,2003
A,CLV_I20_HAB,B1GQ,IE,2004,60.350000000,IRL,2004
A,CLV_I20_HAB,B1GQ,IE,2005,62.392000000,IRL,2005
A,CLV_I20_HAB,B1GQ,IE,2006,63.820000000,IRL,2006
A,CLV_I20_HAB,B1GQ,IE,2007,65.217000000,IRL,2007
A,CLV_I20_HAB,B1GQ,IE,2008,60.965000000,IRL,2008
A,CLV_I20_HAB,B1GQ,IE,2009,57.309000000,IRL,2009
A,CLV_I20_HAB,B1GQ,IE,2010,58.010000000,IRL,2010
A,CLV_I20_HAB,B1GQ,IE,2011,58.701000000,IRL,2011
A,CLV_I20_HAB,B1GQ,IE,2012,58.223000000,IRL,2012
A,CLV_I20_HAB,B1GQ,IE,2013,59.209000000,IRL,2013
A,CLV_I20_HAB,B1GQ,IE,2014,64.315000000,IRL,2014
A,CLV_I20_HAB,B1GQ,IE,2015,79.412000000,IRL,2015
A,CLV_I20_HAB,B1GQ,IE,2016,79.425000000,IRL,2016
A,CLV_I20_HAB,B1GQ,IE,2017,86.209000000,IRL,2017
A,CLV_I20_HAB,B1GQ,IE,2018,91.521000000,IRL,2018
A,CLV_I20_HAB,B1GQ,IE,2019,94.582000000,IRL,2019
A,CLV_I20_HAB,B1GQ,IE,2020,100.000000000,IRL,2020
A,CLV_I20_HAB,B1GQ,IE,2021,114.947000000,IRL,2021
A,CLV_I20_HAB,B1GQ,IE,2022,121.017000000,IRL,2022
A,CLV_I20_HAB,B1GQ,IE,2023,115.806000000,IRL,2023
A,CLV_I20_HAB,B1GQ,IE,2024,116.850000000,IRL,2024
A,CLV_I20_HAB,B1GQ,EL,1995,90.681000000,GRC,1995
A,CLV_I20_HAB,B1GQ,EL,1996,91.531000000,GRC,1996
A,CLV_I20_HAB,B1GQ,EL,1997,94.361000000,GRC,1997
A,CLV_I20_HAB,B1GQ,EL,1998,97.065000000,GRC,1998
A,CLV_I20_HAB,B1GQ,EL,1999,99.265000000,GRC,1999
A,CLV_I20_HAB,B1GQ,EL,2000,102.951000000,GRC,2000
A,CLV_I20_HAB,B1GQ,EL,2001,107.179000000,GRC,2001
A,CLV_I20_HAB,B1GQ,EL,2002,111.788000000,GRC,2002
A,CLV_I20_HAB,B1GQ,EL,2003,117.986000000,GRC,2003
A,CLV_I20_HAB,B1GQ,EL,2004,124.024000000,GRC,2004
A,CLV_I20_HAB,B1GQ,EL,2005,125.124000000,GRC,2005
A,CLV_I20_HAB,B1GQ,EL,2006,132.787000000,GRC,2006
A,CLV_I20_HAB,B1GQ,EL,2007,137.094000000,GRC,2007
A,CLV_I20_HAB,B1GQ,EL,2008,136.810000000,GRC,2008
A,CLV_I20_HAB,B1GQ,EL,2009,130.830000000,GRC,2009
A,CLV_I20_HAB,B1GQ,EL,2010,123.221000000,GRC,2010
A,CLV_I20_HAB,B1GQ,EL,2011,111.215000000,GRC,2011
A,CLV_I20_HAB,B1GQ,EL,2012,102.503000000,GRC,2012
A,CLV_I20_HAB,B1GQ,EL,2013,100.903000000,GRC,2013
A,CLV_I20_HAB,B1GQ,EL,2014,102.382000000,GRC,2014
A,CLV_I20_HAB,B1GQ,EL,2015,102.823000000,GRC,2015
A,CLV_I20_HAB,B1GQ,EL,2016,103.219000000,GRC,2016
A,CLV_I20_HAB,B1GQ,EL,2017,104.947000000,GRC,2017
A,CLV_I20_HAB,B1GQ,EL,2018,107.332000000,GRC,2018
A,CLV_I20_HAB,B1GQ,EL,2019,109.892000000,GRC,2019
A,CLV_I20_HAB,B1GQ,EL,2020,100.000000000,GRC,2020
A,CLV_I20_HAB,B1GQ,EL,2021,109.249000000,GRC,2021
A,CLV_I20_HAB,B1GQ,EL,2022,115.948000000,GRC,2022
A,CLV_I20_HAB,B1GQ,EL,2023,118.774000000,GRC,2023
A,CLV_I20_HAB,B1GQ,EL,2024,121.446000000,GRC,2024
A,CLV_I20_HAB,B1GQ,ES,1995,80.609000000,ESP,1995
A,CLV_I20_HAB,B1GQ,ES,1996,82.368000000,ESP,1996
A,CLV_I20_HAB,B1GQ,ES,1997,84.970000000,ESP,1997
A,CLV_I20_HAB,B1GQ,ES,1998,88.263000000,ESP,1998
A,CLV_I20_HAB,B1GQ,ES,1999,91.799000000,ESP,1999
A,CLV_I20_HAB,B1GQ,ES,2000,96.134000000,ESP,2000
A,CLV_I20_HAB,B1GQ,ES,2001,99.383000000,ESP,2001
A,CLV_I20_HAB,B1GQ,ES,2002,100.500000000,ESP,2002
A,CLV_I20_HAB,B1GQ,ES,2003,101.560000000,ESP,2003
A,CLV_I20_HAB,B1GQ,ES,2004,103.103000000,ESP,2004
A,CLV_I20_HAB,B1GQ,ES,2005,104.800000000,ESP,2005
A,CLV_I20_HAB,B1GQ,ES,2006,107.322000000,ESP,2006
A,CLV_I20_HAB,B1GQ,ES,2007,108.964000000,ESP,2007
A,CLV_I20_HAB,B1GQ,ES,2008,108.015000000,ESP,2008
A,CLV_I20_HAB,B1GQ,ES,2009,103.084000000,ESP,2009
A,CLV_I20_HAB,B1GQ,ES,2010,102.749000000,ESP,2010
A,CLV_I20_HAB,B1GQ,ES,2011,101.712000000,ESP,2011
A,CLV_I20_HAB,B1GQ,ES,2012,98.770000000,ESP,2012
A,CLV_I20_HAB,B1GQ,ES,2013,97.712000000,ESP,2013
A,CLV_I20_HAB,B1GQ,ES,2014,99.514000000,ESP,2014
A,CLV_I20_HAB,B1GQ,ES,2015,103.663000000,ESP,2015
A,CLV_I20_HAB,B1GQ,ES,2016,106.587000000,ESP,2016
A,CLV_I20_HAB,B1GQ,ES,2017,109.477000000,ESP,2017
A,CLV_I20_HAB,B1GQ,ES,2018,111.608000000,ESP,2018
A,CLV_I20_HAB,B1GQ,ES,2019,112.897000000,ESP,2019
A,CLV_I20_HAB,B1GQ,ES,2020,100.000000000,ESP,2020
A,CLV_I20_HAB,B1GQ,ES,2021,106.679000000,ESP,2021
A,CLV_I20_HAB,B1GQ,ES,2022,112.431000000,ESP,2022
A,CLV_I20_HAB,B1GQ,ES,2023,113.849000000,ESP,2023
A,CLV_I20_HAB,B1GQ,ES,2024,116.567000000,ESP,2024
A,CLV_I20_HAB,B1GQ,FR,1995,82.492000000,FRA,1995
A,CLV_I20_HAB,B1GQ,FR,1996,83.357000000,FRA,1996
A,CLV_I20_HAB,B1GQ,FR,1997,85.171000000,FRA,1997
A,CLV_I20_HAB,B1GQ,FR,1998,87.796000000,FRA,1998
A,CLV_I20_HAB,B1GQ,FR,1999,90.323000000,FRA,1999
A,CLV_I20_HAB,B1GQ,FR,2000,93.428000000,FRA,2000
A,CLV_I20_HAB,B1GQ,FR,2001,94.521000000,FRA,2001
A,CLV_I20_HAB,B1GQ,FR,2002,94.848000000,FRA,2002
A,CLV_I20_HAB,B1GQ,FR,2003,95.104000000,FRA,2003
A,CLV_I20_HAB,B1GQ,FR,2004,97.131000000,FRA,2004
A,CLV_I20_HAB,B1GQ,FR,2005,98.237000000,FRA,2005
A,CLV_I20_HAB,B1GQ,FR,2006,100.219000000,FRA,2006
A,CLV_I20_HAB,B1GQ,FR,2007,102.141000000,FRA,2007
A,CLV_I20_HAB,B1GQ,FR,2008,101.977000000,FRA,2008
A,CLV_I20_HAB,B1GQ,FR,2009,98.604000000,FRA,2009
A,CLV_I20_HAB,B1GQ,FR,2010,100.100000000,FRA,2010
A,CLV_I20_HAB,B1GQ,FR,2011,102.056000000,FRA,2011
A,CLV_I20_HAB,B1GQ,FR,2012,101.763000000,FRA,2012
A,CLV_I20_HAB,B1GQ,FR,2013,102.056000000,FRA,2013
A,CLV_I20_HAB,B1GQ,FR,2014,102.548000000,FRA,2014
A,CLV_I20_HAB,B1GQ,FR,2015,103.184000000,FRA,2015
A,CLV_I20_HAB,B1GQ,FR,2016,103.682000000,FRA,2016
A,CLV_I20_HAB,B1GQ,FR,2017,105.420000000,FRA,2017
A,CLV_I20_HAB,B1GQ,FR,2018,106.668000000,FRA,2018
A,CLV_I20_HAB,B1GQ,FR,2019,108.409000000,FRA,2019
A,CLV_I20_HAB,B1GQ,FR,2020,100.000000000,FRA,2020
A,CLV_I20_HAB,B1GQ,FR,2021,106.391000000,FRA,2021
A,CLV_I20_HAB,B1GQ,FR,2022,108.868000000,FRA,2022
A,CLV_I20_HAB,B1GQ,FR,2023,110.153000000,FRA,2023
A,CLV_I20_HAB,B1GQ,FR,2024,111.171000000,FRA,2024
A,CLV_I20_HAB,B1GQ,HR,1995,53.845000000,HRV,1995
A,CLV_I20_HAB,B1GQ,HR,1996,57.923000000,HRV,1996
A,CLV_I20_HAB,B1GQ,HR,1997,61.796000000,HRV,1997
A,CLV_I20_HAB,B1GQ,HR,1998,63.227000000,HRV,1998
A,CLV_I20_HAB,B1GQ,HR,1999,62.961000000,HRV,1999
A,CLV_I20_HAB,B1GQ,HR,2000,65.458000000,HRV,2000
A,CLV_I20_HAB,B1GQ,HR,2001,70.129000000,HRV,2001
A,CLV_I20_HAB,B1GQ,HR,2002,74.113000000,HRV,2002
A,CLV_I20_HAB,B1GQ,HR,2003,78.238000000,HRV,2003
A,CLV_I20_HAB,B1GQ,HR,2004,81.449000000,HRV,2004
A,CLV_I20_HAB,B1GQ,HR,2005,84.907000000,HRV,2005
A,CLV_I20_HAB,B1GQ,HR,2006,89.183000000,HRV,2006
A,CLV_I20_HAB,B1GQ,HR,2007,93.692000000,HRV,2007
A,CLV_I20_HAB,B1GQ,HR,2008,95.582000000,HRV,2008
A,CLV_I20_HAB,B1GQ,HR,2009,89.165000000,HRV,2009
A,CLV_I20_HAB,B1GQ,HR,2010,88.178000000,HRV,2010
A,CLV_I20_HAB,B1GQ,HR,2011,88.356000000,HRV,2011
A,CLV_I20_HAB,B1GQ,HR,2012,86.877000000,HRV,2012
A,CLV_I20_HAB,B1GQ,HR,2013,87.365000000,HRV,2013
A,CLV_I20_HAB,B1GQ,HR,2014,87.587000000,HRV,2014
A,CLV_I20_HAB,B1GQ,HR,2015,90.589000000,HRV,2015
A,CLV_I20_HAB,B1GQ,HR,2016,94.904000000,HRV,2016
A,CLV_I20_HAB,B1GQ,HR,2017,99.475000000,HRV,2017
A,CLV_I20_HAB,B1GQ,HR,2018,103.724000000,HRV,2018
A,CLV_I20_HAB,B1GQ,HR,2019,108.001000000,HRV,2019
A,CLV_I20_HAB,B1GQ,HR,2020,100.000000000,HRV,2020
A,CLV_I20_HAB,B1GQ,HR,2021,113.632000000,HRV,2021
A,CLV_I20_HAB,B1GQ,HR,2022,122.511000000,HRV,2022
A,CLV_I20_HAB,B1GQ,HR,2023,127.032000000,HRV,2023
A,CLV_I20_HAB,B1GQ,HR,2024,131.496000000,HRV,2024
A,CLV_I20_HAB,B1GQ,IT,1995,99.791000000,ITA,1995
A,CLV_I20_HAB,B1GQ,IT,1996,101.106000000,ITA,1996
A,CLV_I20_HAB,B1GQ,IT,1997,102.998000000,ITA,1997
A,CLV_I20_HAB,B1GQ,IT,1998,104.827000000,ITA,1998
A,CLV_I20_HAB,B1GQ,IT,1999,106.568000000,ITA,1999
A,CLV_I20_HAB,B1GQ,IT,2000,110.655000000,ITA,2000
A,CLV_I20_HAB,B1GQ,IT,2001,112.800000000,ITA,2001
A,CLV_I20_HAB,B1GQ,IT,2002,112.887000000,ITA,2002
A,CLV_I20_HAB,B1GQ,IT,2003,112.353000000,ITA,2003
A,CLV_I20_HAB,B1GQ,IT,2004,113.163000000,ITA,2004
A,CLV_I20_HAB,B1GQ,IT,2005,113.362000000,ITA,2005
A,CLV_I20_HAB,B1GQ,IT,2006,114.942000000,ITA,2006
A,CLV_I20_HAB,B1GQ,IT,2007,115.915000000,ITA,2007
A,CLV_I20_HAB,B1GQ,IT,2008,113.848000000,ITA,2008
A,CLV_I20_HAB,B1GQ,IT,2009,107.185000000,ITA,2009
A,CLV_I20_HAB,B1GQ,IT,2010,108.343000000,ITA,2010
A,CLV_I20_HAB,B1GQ,IT,2011,108.720000000,ITA,2011
A,CLV_I20_HAB,B1GQ,IT,2012,105.035000000,ITA,2012
A,CLV_I20_HAB,B1GQ,IT,2013,102.919000000,ITA,2013
A,CLV_I20_HAB,B1GQ,IT,2014,102.902000000,ITA,2014
A,CLV_I20_HAB,B1GQ,IT,2015,103.971000000,ITA,2015
A,CLV_I20_HAB,B1GQ,IT,2016,105.456000000,ITA,2016
A,CLV_I20_HAB,B1GQ,IT,2017,107.349000000,ITA,2017
A,CLV_I20_HAB,B1GQ,IT,2018,108.462000000,ITA,2018
A,CLV_I20_HAB,B1GQ,IT,2019,109.198000000,ITA,2019
A,CLV_I20_HAB,B1GQ,IT,2020,100.000000000,ITA,2020
A,CLV_I20_HAB,B1GQ,IT,2021,109.494000000,ITA,2021
A,CLV_I20_HAB,B1GQ,IT,2022,115.006000000,ITA,2022
A,CLV_I20_HAB,B1GQ,IT,2023,116.125000000,ITA,2023
A,CLV_I20_HAB,B1GQ,IT,2024,117.088000000,ITA,2024
A,CLV_I20_HAB,B1GQ,CY,1995,72.332000000,CYP,1995
A,CLV_I20_HAB,B1GQ,CY,1996,72.078000000,CYP,1996
A,CLV_I20_HAB,B1GQ,CY,1997,72.939000000,CYP,1997
A,CLV_I20_HAB,B1GQ,CY,1998,76.451000000,CYP,1998
A,CLV_I20_HAB,B1GQ,CY,1999,79.377000000,CYP,1999
A,CLV_I20_HAB,B1GQ,CY,2000,83.228000000,CYP,2000
A,CLV_I20_HAB,B1GQ,CY,2001,85.592000000,CYP,2001
A,CLV_I20_HAB,B1GQ,CY,2002,87.764000000,CYP,2002
A,CLV_I20_HAB,B1GQ,CY,2003,88.976000000,CYP,2003
A,CLV_I20_HAB,B1GQ,CY,2004,92.206000000,CYP,2004
A,CLV_I20_HAB,B1GQ,CY,2005,95.299000000,CYP,2005
A,CLV_I20_HAB,B1GQ,CY,2006,98.140000000,CYP,2006
A,CLV_I20_HAB,B1GQ,CY,2007,100.971000000,CYP,2007
A,CLV_I20_HAB,B1GQ,CY,2008,102.058000000,CYP,2008
A,CLV_I20_HAB,B1GQ,CY,2009,97.352000000,CYP,2009
A,CLV_I20_HAB,B1GQ,CY,2010,97.004000000,CYP,2010
A,CLV_I20_HAB,B1GQ,CY,2011,94.955000000,CYP,2011
A,CLV_I20_HAB,B1GQ,CY,2012,90.456000000,CYP,2012
A,CLV_I20_HAB,B1GQ,CY,2013,84.596000000,CYP,2013
A,CLV_I20_HAB,B1GQ,CY,2014,83.190000000,CYP,2014
A,CLV_I20_HAB,B1GQ,CY,2015,85.845000000,CYP,2015
A,CLV_I20_HAB,B1GQ,CY,2016,91.007000000,CYP,2016
A,CLV_I20_HAB,B1GQ,CY,2017,95.427000000,CYP,2017
A,CLV_I20_HAB,B1GQ,CY,2018,100.248000000,CYP,2018
A,CLV_I20_HAB,B1GQ,CY,2019,104.728000000,CYP,2019
A,CLV_I20_HAB,B1GQ,CY,2020,100.000000000,CYP,2020
A,CLV_I20_HAB,B1GQ,CY,2021,109.743000000,CYP,2021
A,CLV_I20_HAB,B1GQ,CY,2022,117.135000000,CYP,2022
A,CLV_I20_HAB,B1GQ,CY,2023,119.059000000,CYP,2023
A,CLV_I20_HAB,B1GQ,CY,2024,121.601000000,CYP,2024
A,CLV_I20_HAB,B1GQ,LV,1995,31.298000000,LVA,1995
A,CLV_I20_HAB,B1GQ,LV,1996,32.378000000,LVA,1996
A,CLV_I20_HAB,B1GQ,LV,1997,35.691000000,LVA,1997
A,CLV_I20_HAB,B1GQ,LV,1998,38.398000000,LVA,1998
A,CLV_I20_HAB,B1GQ,LV,1999,39.807000000,LVA,1999
A,CLV_I20_HAB,B1GQ,LV,2000,42.532000000,LVA,2000
A,CLV_I20_HAB,B1GQ,LV,2001,45.859000000,LVA,2001
A,CLV_I20_HAB,B1GQ,LV,2002,49.959000000,LVA,2002
A,CLV_I20_HAB,B1GQ,LV,2003,54.697000000,LVA,2003
A,CLV_I20_HAB,B1GQ,LV,2004,60.129000000,LVA,2004
A,CLV_I20_HAB,B1GQ,LV,2005,67.840000000,LVA,2005
A,CLV_I20_HAB,B1GQ,LV,2006,77.234000000,LVA,2006
A,CLV_I20_HAB,B1GQ,LV,2007,85.961000000,LVA,2007
A,CLV_I20_HAB,B1GQ,LV,2008,83.936000000,LVA,2008
A,CLV_I20_HAB,B1GQ,LV,2009,71.649000000,LVA,2009
A,CLV_I20_HAB,B1GQ,LV,2010,70.496000000,LVA,2010
A,CLV_I20_HAB,B1GQ,LV,2011,73.994000000,LVA,2011
A,CLV_I20_HAB,B1GQ,LV,2012,80.382000000,LVA,2012
A,CLV_I20_HAB,B1GQ,LV,2013,82.917000000,LVA,2013
A,CLV_I20_HAB,B1GQ,LV,2014,85.442000000,LVA,2014
A,CLV_I20_HAB,B1GQ,LV,2015,89.434000000,LVA,2015
A,CLV_I20_HAB,B1GQ,LV,2016,92.557000000,LVA,2016
A,CLV_I20_HAB,B1GQ,LV,2017,96.600000000,LVA,2017
A,CLV_I20_HAB,B1GQ,LV,2018,101.543000000,LVA,2018
A,CLV_I20_HAB,B1GQ,LV,2019,102.926000000,LVA,2019
A,CLV_I20_HAB,B1GQ,LV,2020,100.000000000,LVA,2020
A,CLV_I20_HAB,B1GQ,LV,2021,107.857000000,LVA,2021
A,CLV_I20_HAB,B1GQ,LV,2022,109.829000000,LVA,2022
A,CLV_I20_HAB,B1GQ,LV,2023,109.066000000,LVA,2023
A,CLV_I20_HAB,B1GQ,LV,2024,109.998000000,LVA,2024
A,CLV_I20_HAB,B1GQ,LT,1995,28.229000000,LTU,1995
A,CLV_I20_HAB,B1GQ,LT,1996,29.874000000,LTU,1996
A,CLV_I20_HAB,B1GQ,LT,1997,32.593000000,LTU,1997
A,CLV_I20_HAB,B1GQ,LT,1998,35.280000000,LTU,1998
A,CLV_I20_HAB,B1GQ,LT,1999,35.142000000,LTU,1999
A,CLV_I20_HAB,B1GQ,LT,2000,36.600000000,LTU,2000
A,CLV_I20_HAB,B1GQ,LT,2001,39.295000000,LTU,2001
A,CLV_I20_HAB,B1GQ,LT,2002,42.274000000,LTU,2002
A,CLV_I20_HAB,B1GQ,LT,2003,47.116000000,LTU,2003
A,CLV_I20_HAB,B1GQ,LT,2004,50.746000000,LTU,2004
A,CLV_I20_HAB,B1GQ,LT,2005,55.567000000,LTU,2005
A,CLV_I20_HAB,B1GQ,LT,2006,60.636000000,LTU,2006
A,CLV_I20_HAB,B1GQ,LT,2007,68.159000000,LTU,2007
A,CLV_I20_HAB,B1GQ,LT,2008,70.653000000,LTU,2008
A,CLV_I20_HAB,B1GQ,LT,2009,60.841000000,LTU,2009
A,CLV_I20_HAB,B1GQ,LT,2010,62.396000000,LTU,2010
A,CLV_I20_HAB,B1GQ,LT,2011,67.857000000,LTU,2011
A,CLV_I20_HAB,B1GQ,LT,2012,71.755000000,LTU,2012
A,CLV_I20_HAB,B1GQ,LT,2013,75.362000000,LTU,2013
A,CLV_I20_HAB,B1GQ,LT,2014,78.844000000,LTU,2014
A,CLV_I20_HAB,B1GQ,LT,2015,81.805000000,LTU,2015
A,CLV_I20_HAB,B1GQ,LT,2016,84.977000000,LTU,2016
A,CLV_I20_HAB,B1GQ,LT,2017,89.981000000,LTU,2017
A,CLV_I20_HAB,B1GQ,LT,2018,95.192000000,LTU,2018
A,CLV_I20_HAB,B1GQ,LT,2019,99.932000000,LTU,2019
A,CLV_I20_HAB,B1GQ,LT,2020,100.000000000,LTU,2020
A,CLV_I20_HAB,B1GQ,LT,2021,106.470000000,LTU,2021
A,CLV_I20_HAB,B1GQ,LT,2022,108.199000000,LTU,2022
A,CLV_I20_HAB,B1GQ,LT,2023,107.483000000,LTU,2023
A,CLV_I20_HAB,B1GQ,LT,2024,110.100000000,LTU,2024
A,CLV_I20_HAB,B1GQ,LU,1995,71.075000000,LUX,1995
A,CLV_I20_HAB,B1GQ,LU,1996,71.208000000,LUX,1996
A,CLV_I20_HAB,B1GQ,LU,1997,74.104000000,LUX,1997
A,CLV_I20_HAB,B1GQ,LU,1998,78.056000000,LUX,1998
A,CLV_I20_HAB,B1GQ,LU,1999,83.236000000,LUX,1999
A,CLV_I20_HAB,B1GQ,LU,2000,87.863000000,LUX,2000
A,CLV_I20_HAB,B1GQ,LU,2001,89.562000000,LUX,2001
A,CLV_I20_HAB,B1GQ,LU,2002,91.460000000,LUX,2002
A,CLV_I20_HAB,B1GQ,LU,2003,92.691000000,LUX,2003
A,CLV_I20_HAB,B1GQ,LU,2004,95.295000000,LUX,2004
A,CLV_I20_HAB,B1GQ,LU,2005,96.153000000,LUX,2005
A,CLV_I20_HAB,B1GQ,LU,2006,100.381000000,LUX,2006
A,CLV_I20_HAB,B1GQ,LU,2007,106.756000000,LUX,2007
A,CLV_I20_HAB,B1GQ,LU,2008,104.578000000,LUX,2008
A,CLV_I20_HAB,B1GQ,LU,2009,99.364000000,LUX,2009
A,CLV_I20_HAB,B1GQ,LU,2010,101.208000000,LUX,2010
A,CLV_I20_HAB,B1GQ,LU,2011,99.924000000,LUX,2011
A,CLV_I20_HAB,B1GQ,LU,2012,99.265000000,LUX,2012
A,CLV_I20_HAB,B1GQ,LU,2013,99.817000000,LUX,2013
A,CLV_I20_HAB,B1GQ,LU,2014,100.050000000,LUX,2014
A,CLV_I20_HAB,B1GQ,LU,2015,100.330000000,LUX,2015
A,CLV_I20_HAB,B1GQ,LU,2016,102.669000000,LUX,2016
A,CLV_I20_HAB,B1GQ,LU,2017,101.782000000,LUX,2017
A,CLV_I20_HAB,B1GQ,LU,2018,101.413000000,LUX,2018
A,CLV_I20_HAB,B1GQ,LU,2019,102.068000000,LUX,2019
A,CLV_I20_HAB,B1GQ,LU,2020,100.000000000,LUX,2020
A,CLV_I20_HAB,B1GQ,LU,2021,105.263000000,LUX,2021
A,CLV_I20_HAB,B1GQ,LU,2022,101.862000000,LUX,2022
A,CLV_I20_HAB,B1GQ,LU,2023,100.058000000,LUX,2023
A,CLV_I20_HAB,B1GQ,LU,2024,98.834000000,LUX,2024
A,CLV_I20_HAB,B1GQ,HU,1995,52.540000000,HUN,1995
A,CLV_I20_HAB,B1GQ,HU,1996,52.684000000,HUN,1996
A,CLV_I20_HAB,B1GQ,HU,1997,54.362000000,HUN,1997
A,CLV_I20_HAB,B1GQ,HU,1998,56.585000000,HUN,1998
A,CLV_I20_HAB,B1GQ,HU,1999,58.497000000,HUN,1999
A,CLV_I20_HAB,B1GQ,HU,2000,61.235000000,HUN,2000
A,CLV_I20_HAB,B1GQ,HU,2001,63.869000000,HUN,2001
A,CLV_I20_HAB,B1GQ,HU,2002,67.081000000,HUN,2002
A,CLV_I20_HAB,B1GQ,HU,2003,69.923000000,HUN,2003
A,CLV_I20_HAB,B1GQ,HU,2004,73.556000000,HUN,2004
A,CLV_I20_HAB,B1GQ,HU,2005,76.872000000,HUN,2005
A,CLV_I20_HAB,B1GQ,HU,2006,80.021000000,HUN,2006
A,CLV_I20_HAB,B1GQ,HU,2007,80.411000000,HUN,2007
A,CLV_I20_HAB,B1GQ,HU,2008,81.352000000,HUN,2008
A,CLV_I20_HAB,B1GQ,HU,2009,75.986000000,HUN,2009
A,CLV_I20_HAB,B1GQ,HU,2010,76.972000000,HUN,2010
A,CLV_I20_HAB,B1GQ,HU,2011,78.670000000,HUN,2011
A,CLV_I20_HAB,B1GQ,HU,2012,78.071000000,HUN,2012
A,CLV_I20_HAB,B1GQ,HU,2013,79.987000000,HUN,2013
A,CLV_I20_HAB,B1GQ,HU,2014,83.791000000,HUN,2014
A,CLV_I20_HAB,B1GQ,HU,2015,87.171000000,HUN,2015
A,CLV_I20_HAB,B1GQ,HU,2016,89.644000000,HUN,2016
A,CLV_I20_HAB,B1GQ,HU,2017,93.658000000,HUN,2017
A,CLV_I20_HAB,B1GQ,HU,2018,99.110000000,HUN,2018
A,CLV_I20_HAB,B1GQ,HU,2019,104.272000000,HUN,2019
A,CLV_I20_HAB,B1GQ,HU,2020,100.000000000,HUN,2020
A,CLV_I20_HAB,B1GQ,HU,2021,107.663000000,HUN,2021
A,CLV_I20_HAB,B1GQ,HU,2022,112.435000000,HUN,2022
A,CLV_I20_HAB,B1GQ,HU,2023,111.666000000,HUN,2023
A,CLV_I20_HAB,B1GQ,HU,2024,112.812000000,HUN,2024
A,CLV_I20_HAB,B1GQ,MT,2000,62.259000000,MLT,2000
A,CLV_I20_HAB,B1GQ,MT,2001,60.694000000,MLT,2001
A,CLV_I20_HAB,B1GQ,MT,2002,61.897000000,MLT,2002
A,CLV_I20_HAB,B1GQ,MT,2003,63.763000000,MLT,2003
A,CLV_I20_HAB,B1GQ,MT,2004,63.593000000,MLT,2004
A,CLV_I20_HAB,B1GQ,MT,2005,65.013000000,MLT,2005
A,CLV_I20_HAB,B1GQ,MT,2006,66.299000000,MLT,2006
A,CLV_I20_HAB,B1GQ,MT,2007,69.386000000,MLT,2007
A,CLV_I20_HAB,B1GQ,MT,2008,71.971000000,MLT,2008
A,CLV_I20_HAB,B1GQ,MT,2009,70.434000000,MLT,2009
A,CLV_I20_HAB,B1GQ,MT,2010,74.446000000,MLT,2010
A,CLV_I20_HAB,B1GQ,MT,2011,74.857000000,MLT,2011
A,CLV_I20_HAB,B1GQ,MT,2012,77.301000000,MLT,2012
A,CLV_I20_HAB,B1GQ,MT,2013,81.106000000,MLT,2013
A,CLV_I20_HAB,B1GQ,MT,2014,85.552000000,MLT,2014
A,CLV_I20_HAB,B1GQ,MT,2015,91.567000000,MLT,2015
A,CLV_I20_HAB,B1GQ,MT,2016,93.167000000,MLT,2016
A,CLV_I20_HAB,B1GQ,MT,2017,102.368000000,MLT,2017
A,CLV_I20_HAB,B1GQ,MT,2018,105.879000000,MLT,2018
A,CLV_I20_HAB,B1GQ,MT,2019,105.796000000,MLT,2019
A,CLV_I20_HAB,B1GQ,MT,2020,100.000000000,MLT,2020
A,CLV_I20_HAB,B1GQ,MT,2021,112.734000000,MLT,2021
A,CLV_I20_HAB,B1GQ,MT,2022,112.650000000,MLT,2022
A,CLV_I20_HAB,B1GQ,MT,2023,119.771000000,MLT,2023
A,CLV_I20_HAB,B1GQ,MT,2024,123.710000000,MLT,2024
A,CLV_I20_HAB,B1GQ,NL,1995,72.032000000,NLD,1995
A,CLV_I20_HAB,B1GQ,NL,1996,74.156000000,NLD,1996
A,CLV_I20_HAB,B1GQ,NL,1997,76.905000000,NLD,1997
A,CLV_I20_HAB,B1GQ,NL,1998,79.987000000,NLD,1998
A,CLV_I20_HAB,B1GQ,NL,1999,83.463000000,NLD,1999
A,CLV_I20_HAB,B1GQ,NL,2000,86.363000000,NLD,2000
A,CLV_I20_HAB,B1GQ,NL,2001,87.709000000,NLD,2001
A,CLV_I20_HAB,B1GQ,NL,2002,87.363000000,NLD,2002
A,CLV_I20_HAB,B1GQ,NL,2003,87.039000000,NLD,2003
A,CLV_I20_HAB,B1GQ,NL,2004,88.483000000,NLD,2004
A,CLV_I20_HAB,B1GQ,NL,2005,90.073000000,NLD,2005
A,CLV_I20_HAB,B1GQ,NL,2006,93.111000000,NLD,2006
A,CLV_I20_HAB,B1GQ,NL,2007,96.516000000,NLD,2007
A,CLV_I20_HAB,B1GQ,NL,2008,98.175000000,NLD,2008
A,CLV_I20_HAB,B1GQ,NL,2009,94.096000000,NLD,2009
A,CLV_I20_HAB,B1GQ,NL,2010,94.850000000,NLD,2010
A,CLV_I20_HAB,B1GQ,NL,2011,96.081000000,NLD,2011
A,CLV_I20_HAB,B1GQ,NL,2012,94.789000000,NLD,2012
A,CLV_I20_HAB,B1GQ,NL,2013,94.484000000,NLD,2013
A,CLV_I20_HAB,B1GQ,NL,2014,95.661000000,NLD,2014
A,CLV_I20_HAB,B1GQ,NL,2015,97.257000000,NLD,2015
A,CLV_I20_HAB,B1GQ,NL,2016,99.088000000,NLD,2016
A,CLV_I20_HAB,B1GQ,NL,2017,101.244000000,NLD,2017
A,CLV_I20_HAB,B1GQ,NL,2018,102.924000000,NLD,2018
A,CLV_I20_HAB,B1GQ,NL,2019,104.605000000,NLD,2019
A,CLV_I20_HAB,B1GQ,NL,2020,100.000000000,NLD,2020
A,CLV_I20_HAB,B1GQ,NL,2021,105.725000000,NLD,2021
A,CLV_I20_HAB,B1GQ,NL,2022,109.965000000,NLD,2022
A,CLV_I20_HAB,B1GQ,NL,2023,108.232000000,NLD,2023
A,CLV_I20_HAB,B1GQ,NL,2024,108.683000000,NLD,2024
A,CLV_I20_HAB,B1GQ,AT,1995,77.376000000,AUT,1995
A,CLV_I20_HAB,B1GQ,AT,1996,78.984000000,AUT,1996
A,CLV_I20_HAB,B1GQ,AT,1997,80.588000000,AUT,1997
A,CLV_I20_HAB,B1GQ,AT,1998,83.311000000,AUT,1998
A,CLV_I20_HAB,B1GQ,AT,1999,86.277000000,AUT,1999
A,CLV_I20_HAB,B1GQ,AT,2000,88.815000000,AUT,2000
A,CLV_I20_HAB,B1GQ,AT,2001,89.641000000,AUT,2001
A,CLV_I20_HAB,B1GQ,AT,2002,90.523000000,AUT,2002
A,CLV_I20_HAB,B1GQ,AT,2003,91.149000000,AUT,2003
A,CLV_I20_HAB,B1GQ,AT,2004,92.901000000,AUT,2004
A,CLV_I20_HAB,B1GQ,AT,2005,94.412000000,AUT,2005
A,CLV_I20_HAB,B1GQ,AT,2006,96.995000000,AUT,2006
A,CLV_I20_HAB,B1GQ,AT,2007,100.327000000,AUT,2007
A,CLV_I20_HAB,B1GQ,AT,2008,101.462000000,AUT,2008
A,CLV_I20_HAB,B1GQ,AT,2009,97.590000000,AUT,2009
A,CLV_I20_HAB,B1GQ,AT,2010,99.123000000,AUT,2010
A,CLV_I20_HAB,B1GQ,AT,2011,101.690000000,AUT,2011
A,CLV_I20_HAB,B1GQ,AT,2012,101.870000000,AUT,2012
A,CLV_I20_HAB,B1GQ,AT,2013,101.004000000,AUT,2013
A,CLV_I20_HAB,B1GQ,AT,2014,100.973000000,AUT,2014
A,CLV_I20_HAB,B1GQ,AT,2015,101.275000000,AUT,2015
A,CLV_I20_HAB,B1GQ,AT,2016,102.114000000,AUT,2016
A,CLV_I20_HAB,B1GQ,AT,2017,103.778000000,AUT,2017
A,CLV_I20_HAB,B1GQ,AT,2018,105.843000000,AUT,2018
A,CLV_I20_HAB,B1GQ,AT,2019,107.216000000,AUT,2019
A,CLV_I20_HAB,B1GQ,AT,2020,100.000000000,AUT,2020
A,CLV_I20_HAB,B1GQ,AT,2021,104.517000000,AUT,2021
A,CLV_I20_HAB,B1GQ,AT,2022,108.856000000,AUT,2022
A,CLV_I20_HAB,B1GQ,AT,2023,107.080000000,AUT,2023
A,CLV_I20_HAB,B1GQ,AT,2024,105.827000000,AUT,2024
A,CLV_I20_HAB,B1GQ,PL,1995,37.547000000,POL,1995
A,CLV_I20_HAB,B1GQ,PL,1996,39.821000000,POL,1996
A,CLV_I20_HAB,B1GQ,PL,1997,42.350000000,POL,1997
A,CLV_I20_HAB,B1GQ,PL,1998,44.316000000,POL,1998
A,CLV_I20_HAB,B1GQ,PL,1999,46.416000000,POL,1999
A,CLV_I20_HAB,B1GQ,PL,2000,48.595000000,POL,2000
A,CLV_I20_HAB,B1GQ,PL,2001,49.201000000,POL,2001
A,CLV_I20_HAB,B1GQ,PL,2002,50.161000000,POL,2002
A,CLV_I20_HAB,B1GQ,PL,2003,51.978000000,POL,2003
A,CLV_I20_HAB,B1GQ,PL,2004,54.646000000,POL,2004
A,CLV_I20_HAB,B1GQ,PL,2005,56.456000000,POL,2005
A,CLV_I20_HAB,B1GQ,PL,2006,60.003000000,POL,2006
A,CLV_I20_HAB,B1GQ,PL,2007,64.087000000,POL,2007
A,CLV_I20_HAB,B1GQ,PL,2008,66.896000000,POL,2008
A,CLV_I20_HAB,B1GQ,PL,2009,68.578000000,POL,2009
A,CLV_I20_HAB,B1GQ,PL,2010,70.958000000,POL,2010
A,CLV_I20_HAB,B1GQ,PL,2011,74.670000000,POL,2011
A,CLV_I20_HAB,B1GQ,PL,2012,75.783000000,POL,2012
A,CLV_I20_HAB,B1GQ,PL,2013,76.357000000,POL,2013
A,CLV_I20_HAB,B1GQ,PL,2014,79.403000000,POL,2014
A,CLV_I20_HAB,B1GQ,PL,2015,82.976000000,POL,2015
A,CLV_I20_HAB,B1GQ,PL,2016,85.547000000,POL,2016
A,CLV_I20_HAB,B1GQ,PL,2017,89.942000000,POL,2017
A,CLV_I20_HAB,B1GQ,PL,2018,95.574000000,POL,2018
A,CLV_I20_HAB,B1GQ,PL,2019,99.974000000,POL,2019
A,CLV_I20_HAB,B1GQ,PL,2020,100.000000000,POL,2020
A,CLV_I20_HAB,B1GQ,PL,2021,107.486000000,POL,2021
A,CLV_I20_HAB,B1GQ,PL,2022,110.719000000,POL,2022
A,CLV_I20_HAB,B1GQ,PL,2023,111.435000000,POL,2023
A,CLV_I20_HAB,B1GQ,PL,2024,115.376000000,POL,2024
A,CLV_I20_HAB,B1GQ,PT,1995,80.624000000,PRT,1995
A,CLV_I20_HAB,B1GQ,PT,1996,83.137000000,PRT,1996
A,CLV_I20_HAB,B1GQ,PT,1997,86.409000000,PRT,1997
A,CLV_I20_HAB,B1GQ,PT,1998,90.107000000,PRT,1998
A,CLV_I20_HAB,B1GQ,PT,1999,93.099000000,PRT,1999
A,CLV_I20_HAB,B1GQ,PT,2000,95.974000000,PRT,2000
A,CLV_I20_HAB,B1GQ,PT,2001,97.152000000,PRT,2001
A,CLV_I20_HAB,B1GQ,PT,2002,97.367000000,PRT,2002
A,CLV_I20_HAB,B1GQ,PT,2003,96.099000000,PRT,2003
A,CLV_I20_HAB,B1GQ,PT,2004,97.584000000,PRT,2004
A,CLV_I20_HAB,B1GQ,PT,2005,98.165000000,PRT,2005
A,CLV_I20_HAB,B1GQ,PT,2006,99.581000000,PRT,2006
A,CLV_I20_HAB,B1GQ,PT,2007,101.877000000,PRT,2007
A,CLV_I20_HAB,B1GQ,PT,2008,102.054000000,PRT,2008
A,CLV_I20_HAB,B1GQ,PT,2009,98.774000000,PRT,2009
A,CLV_I20_HAB,B1GQ,PT,2010,100.444000000,PRT,2010
A,CLV_I20_HAB,B1GQ,PT,2011,98.710000000,PRT,2011
A,CLV_I20_HAB,B1GQ,PT,2012,95.099000000,PRT,2012
A,CLV_I20_HAB,B1GQ,PT,2013,94.679000000,PRT,2013
A,CLV_I20_HAB,B1GQ,PT,2014,95.879000000,PRT,2014
A,CLV_I20_HAB,B1GQ,PT,2015,97.758000000,PRT,2015
A,CLV_I20_HAB,B1GQ,PT,2016,99.961000000,PRT,2016
A,CLV_I20_HAB,B1GQ,PT,2017,103.438000000,PRT,2017
A,CLV_I20_HAB,B1GQ,PT,2018,106.542000000,PRT,2018
A,CLV_I20_HAB,B1GQ,PT,2019,109.258000000,PRT,2019
A,CLV_I20_HAB,B1GQ,PT,2020,100.000000000,PRT,2020
A,CLV_I20_HAB,B1GQ,PT,2021,105.327000000,PRT,2021
A,CLV_I20_HAB,B1GQ,PT,2022,112.027000000,PRT,2022
A,CLV_I20_HAB,B1GQ,PT,2023,114.306000000,PRT,2023
A,CLV_I20_HAB,B1GQ,PT,2024,115.564000000,PRT,2024
A,CLV_I20_HAB,B1GQ,RO,1995,42.198000000,ROU,1995
A,CLV_I20_HAB,B1GQ,RO,1996,43.990000000,ROU,1996
A,CLV_I20_HAB,B1GQ,RO,1997,41.971000000,ROU,1997
A,CLV_I20_HAB,B1GQ,RO,1998,41.198000000,ROU,1998
A,CLV_I20_HAB,B1GQ,RO,1999,41.125000000,ROU,1999
A,CLV_I20_HAB,B1GQ,RO,2000,42.180000000,ROU,2000
A,CLV_I20_HAB,B1GQ,RO,2001,44.434000000,ROU,2001
A,CLV_I20_HAB,B1GQ,RO,2002,48.555000000,ROU,2002
A,CLV_I20_HAB,B1GQ,RO,2003,49.926000000,ROU,2003
A,CLV_I20_HAB,B1GQ,RO,2004,55.447000000,ROU,2004
A,CLV_I20_HAB,B1GQ,RO,2005,58.395000000,ROU,2005
A,CLV_I20_HAB,B1GQ,RO,2006,63.458000000,ROU,2006
A,CLV_I20_HAB,B1GQ,RO,2007,69.061000000,ROU,2007
A,CLV_I20_HAB,B1GQ,RO,2008,76.758000000,ROU,2008
A,CLV_I20_HAB,B1GQ,RO,2009,73.130000000,ROU,2009
A,CLV_I20_HAB,B1GQ,RO,2010,70.692000000,ROU,2010
A,CLV_I20_HAB,B1GQ,RO,2011,74.234000000,ROU,2011
A,CLV_I20_HAB,B1GQ,RO,2012,75.977000000,ROU,2012
A,CLV_I20_HAB,B1GQ,RO,2013,76.461000000,ROU,2013
A,CLV_I20_HAB,B1GQ,RO,2014,79.897000000,ROU,2014
A,CLV_I20_HAB,B1GQ,RO,2015,82.811000000,ROU,2015
A,CLV_I20_HAB,B1GQ,RO,2016,85.680000000,ROU,2016
A,CLV_I20_HAB,B1GQ,RO,2017,93.239000000,ROU,2017
A,CLV_I20_HAB,B1GQ,RO,2018,98.819000000,ROU,2018
A,CLV_I20_HAB,B1GQ,RO,2019,103.207000000,ROU,2019
A,CLV_I20_HAB,B1GQ,RO,2020,100.000000000,ROU,2020
A,CLV_I20_HAB,B1GQ,RO,2021,106.446000000,ROU,2021
A,CLV_I20_HAB,B1GQ,RO,2022,111.410000000,ROU,2022
A,CLV_I20_HAB,B1GQ,RO,2023,113.855000000,ROU,2023
A,CLV_I20_HAB,B1GQ,RO,2024,114.932000000,ROU,2024
A,CLV_I20_HAB,B1GQ,SI,1995,58.255000000,SVN,1995
A,CLV_I20_HAB,B1GQ,SI,1996,59.917000000,SVN,1996
A,CLV_I20_HAB,B1GQ,SI,1997,63.128000000,SVN,1997
A,CLV_I20_HAB,B1GQ,SI,1998,65.192000000,SVN,1998
A,CLV_I20_HAB,B1GQ,SI,1999,68.580000000,SVN,1999
A,CLV_I20_HAB,B1GQ,SI,2000,70.776000000,SVN,2000
A,CLV_I20_HAB,B1GQ,SI,2001,72.684000000,SVN,2001
A,CLV_I20_HAB,B1GQ,SI,2002,74.954000000,SVN,2002
A,CLV_I20_HAB,B1GQ,SI,2003,77.301000000,SVN,2003
A,CLV_I20_HAB,B1GQ,SI,2004,80.775000000,SVN,2004
A,CLV_I20_HAB,B1GQ,SI,2005,83.740000000,SVN,2005
A,CLV_I20_HAB,B1GQ,SI,2006,88.377000000,SVN,2006
A,CLV_I20_HAB,B1GQ,SI,2007,94.170000000,SVN,2007
A,CLV_I20_HAB,B1GQ,SI,2008,97.196000000,SVN,2008
A,CLV_I20_HAB,B1GQ,SI,2009,88.952000000,SVN,2009
A,CLV_I20_HAB,B1GQ,SI,2010,89.627000000,SVN,2010
A,CLV_I20_HAB,B1GQ,SI,2011,90.037000000,SVN,2011
A,CLV_I20_HAB,B1GQ,SI,2012,87.245000000,SVN,2012
A,CLV_I20_HAB,B1GQ,SI,2013,86.410000000,SVN,2013
A,CLV_I20_HAB,B1GQ,SI,2014,88.700000000,SVN,2014
A,CLV_I20_HAB,B1GQ,SI,2015,90.757000000,SVN,2015
A,CLV_I20_HAB,B1GQ,SI,2016,93.451000000,SVN,2016
A,CLV_I20_HAB,B1GQ,SI,2017,98.230000000,SVN,2017
A,CLV_I20_HAB,B1GQ,SI,2018,102.228000000,SVN,2018
A,CLV_I20_HAB,B1GQ,SI,2019,104.947000000,SVN,2019
A,CLV_I20_HAB,B1GQ,SI,2020,100.000000000,SVN,2020
A,CLV_I20_HAB,B1GQ,SI,2021,108.163000000,SVN,2021
A,CLV_I20_HAB,B1GQ,SI,2022,110.962000000,SVN,2022
A,CLV_I20_HAB,B1GQ,SI,2023,113.001000000,SVN,2023
A,CLV_I20_HAB,B1GQ,SI,2024,114.616000000,SVN,2024
A,CLV_I20_HAB,B1GQ,SK,1995,43.662000000,SVK,1995
A,CLV_I20_HAB,B1GQ,SK,1996,46.245000000,SVK,1996
A,CLV_I20_HAB,B1GQ,SK,1997,48.693000000,SVK,1997
A,CLV_I20_HAB,B1GQ,SK,1998,50.487000000,SVK,1998
A,CLV_I20_HAB,B1GQ,SK,1999,50.204000000,SVK,1999
A,CLV_I20_HAB,B1GQ,SK,2000,50.552000000,SVK,2000
A,CLV_I20_HAB,B1GQ,SK,2001,52.236000000,SVK,2001
A,CLV_I20_HAB,B1GQ,SK,2002,54.552000000,SVK,2002
A,CLV_I20_HAB,B1GQ,SK,2003,57.194000000,SVK,2003
A,CLV_I20_HAB,B1GQ,SK,2004,60.243000000,SVK,2004
A,CLV_I20_HAB,B1GQ,SK,2005,64.093000000,SVK,2005
A,CLV_I20_HAB,B1GQ,SK,2006,69.764000000,SVK,2006
A,CLV_I20_HAB,B1GQ,SK,2007,77.231000000,SVK,2007
A,CLV_I20_HAB,B1GQ,SK,2008,81.233000000,SVK,2008
A,CLV_I20_HAB,B1GQ,SK,2009,76.592000000,SVK,2009
A,CLV_I20_HAB,B1GQ,SK,2010,81.610000000,SVK,2010
A,CLV_I20_HAB,B1GQ,SK,2011,84.195000000,SVK,2011
A,CLV_I20_HAB,B1GQ,SK,2012,85.387000000,SVK,2012
A,CLV_I20_HAB,B1GQ,SK,2013,85.880000000,SVK,2013
A,CLV_I20_HAB,B1GQ,SK,2014,88.116000000,SVK,2014
A,CLV_I20_HAB,B1GQ,SK,2015,92.613000000,SVK,2015
A,CLV_I20_HAB,B1GQ,SK,2016,94.269000000,SVK,2016
A,CLV_I20_HAB,B1GQ,SK,2017,96.844000000,SVK,2017
A,CLV_I20_HAB,B1GQ,SK,2018,100.637000000,SVK,2018
A,CLV_I20_HAB,B1GQ,SK,2019,102.791000000,SVK,2019
A,CLV_I20_HAB,B1GQ,SK,2020,100.000000000,SVK,2020
A,CLV_I20_HAB,B1GQ,SK,2021,106.041000000,SVK,2021
A,CLV_I20_HAB,B1GQ,SK,2022,106.296000000,SVK,2022
A,CLV_I20_HAB,B1GQ,SK,2023,108.536000000,SVK,2023
A,CLV_I20_HAB,B1GQ,SK,2024,110.612000000,SVK,2024
A,CLV_I20_HAB,B1GQ,FI,1995,66.897000000,FIN,1995
A,CLV_I20_HAB,B1GQ,FI,1996,69.119000000,FIN,1996
A,CLV_I20_HAB,B1GQ,FI,1997,73.324000000,FIN,1997
A,CLV_I20_HAB,B1GQ,FI,1998,77.118000000,FIN,1998
A,CLV_I20_HAB,B1GQ,FI,1999,80.316000000,FIN,1999
A,CLV_I20_HAB,B1GQ,FI,2000,84.761000000,FIN,2000
A,CLV_I20_HAB,B1GQ,FI,2001,86.801000000,FIN,2001
A,CLV_I20_HAB,B1GQ,FI,2002,88.052000000,FIN,2002
A,CLV_I20_HAB,B1GQ,FI,2003,89.610000000,FIN,2003
A,CLV_I20_HAB,B1GQ,FI,2004,92.928000000,FIN,2004
A,CLV_I20_HAB,B1GQ,FI,2005,95.183000000,FIN,2005
A,CLV_I20_HAB,B1GQ,FI,2006,98.629000000,FIN,2006
A,CLV_I20_HAB,B1GQ,FI,2007,103.429000000,FIN,2007
A,CLV_I20_HAB,B1GQ,FI,2008,103.756000000,FIN,2008
A,CLV_I20_HAB,B1GQ,FI,2009,94.921000000,FIN,2009
A,CLV_I20_HAB,B1GQ,FI,2010,97.481000000,FIN,2010
A,CLV_I20_HAB,B1GQ,FI,2011,99.350000000,FIN,2011
A,CLV_I20_HAB,B1GQ,FI,2012,97.373000000,FIN,2012
A,CLV_I20_HAB,B1GQ,FI,2013,95.975000000,FIN,2013
A,CLV_I20_HAB,B1GQ,FI,2014,95.106000000,FIN,2014
A,CLV_I20_HAB,B1GQ,FI,2015,95.236000000,FIN,2015
A,CLV_I20_HAB,B1GQ,FI,2016,97.422000000,FIN,2016
A,CLV_I20_HAB,B1GQ,FI,2017,100.404000000,FIN,2017
A,CLV_I20_HAB,B1GQ,FI,2018,101.455000000,FIN,2018
A,CLV_I20_HAB,B1GQ,FI,2019,102.724000000,FIN,2019
A,CLV_I20_HAB,B1GQ,FI,2020,100.000000000,FIN,2020
A,CLV_I20_HAB,B1GQ,FI,2021,102.476000000,FIN,2021
A,CLV_I20_HAB,B1GQ,FI,2022,102.972000000,FIN,2022
A,CLV_I20_HAB,B1GQ,FI,2023,101.270000000,FIN,2023
A,CLV_I20_HAB,B1GQ,FI,2024,100.863000000,FIN,2024
A,CLV_I20_HAB,B1GQ,SE,1995,67.900000000,SWE,1995
A,CLV_I20_HAB,B1GQ,SE,1996,68.960000000,SWE,1996
A,CLV_I20_HAB,B1GQ,SE,1997,71.038000000,SWE,1997
A,CLV_I20_HAB,B1GQ,SE,1998,74.012000000,SWE,1998
A,CLV_I20_HAB,B1GQ,SE,1999,77.071000000,SWE,1999
A,CLV_I20_HAB,B1GQ,SE,2000,80.516000000,SWE,2000
A,CLV_I20_HAB,B1GQ,SE,2001,81.377000000,SWE,2001
A,CLV_I20_HAB,B1GQ,SE,2002,82.951000000,SWE,2002
A,CLV_I20_HAB,B1GQ,SE,2003,84.219000000,SWE,2003
A,CLV_I20_HAB,B1GQ,SE,2004,87.390000000,SWE,2004
A,CLV_I20_HAB,B1GQ,SE,2005,89.500000000,SWE,2005
A,CLV_I20_HAB,B1GQ,SE,2006,93.103000000,SWE,2006
A,CLV_I20_HAB,B1GQ,SE,2007,95.446000000,SWE,2007
A,CLV_I20_HAB,B1GQ,SE,2008,93.825000000,SWE,2008
A,CLV_I20_HAB,B1GQ,SE,2009,89.075000000,SWE,2009
A,CLV_I20_HAB,B1GQ,SE,2010,93.388000000,SWE,2010
A,CLV_I20_HAB,B1GQ,SE,2011,95.611000000,SWE,2011
A,CLV_I20_HAB,B1GQ,SE,2012,94.530000000,SWE,2012
A,CLV_I20_HAB,B1GQ,SE,2013,94.792000000,SWE,2013
A,CLV_I20_HAB,B1GQ,SE,2014,95.987000000,SWE,2014
A,CLV_I20_HAB,B1GQ,SE,2015,99.155000000,SWE,2015
A,CLV_I20_HAB,B1GQ,SE,2016,100.081000000,SWE,2016
A,CLV_I20_HAB,B1GQ,SE,2017,100.523000000,SWE,2017
A,CLV_I20_HAB,B1GQ,SE,2018,101.121000000,SWE,2018
A,CLV_I20_HAB,B1GQ,SE,2019,102.660000000,SWE,2019
A,CLV_I20_HAB,B1GQ,SE,2020,100.000000000,SWE,2020
A,CLV_I20_HAB,B1GQ,SE,2021,104.596000000,SWE,2021
A,CLV_I20_HAB,B1GQ,SE,2022,104.789000000,SWE,2022
A,CLV_I20_HAB,B1GQ,SE,2023,103.862000000,SWE,2023
A,CLV_I20_HAB,B1GQ,SE,2024,104.608000000,SWE,2024
