freq,unit,na_item,geo,time,nominal_gdp_mio_eur,country,year
A,CP_MEUR,B1GQ,BE,1995,220251.500000000,BEL,1995
A,CP_MEUR,B1GQ,BE,1996,219965.300000000,BEL,1996
A,CP_MEUR,B1GQ,BE,1997,223032.700000000,BEL,1997
A,CP_MEUR,B1GQ,BE,1998,231015.700000000,BEL,1998
A,CP_MEUR,B1GQ,BE,1999,242307.600000000,BEL,1999
A,CP_MEUR,B1GQ,BE,2000,256376.400000000,BEL,2000
A,CP_MEUR,B1GQ,BE,2001,264334.900000000,BEL,2001
A,CP_MEUR,B1GQ,BE,2002,273255.900000000,BEL,2002
A,CP_MEUR,B1GQ,BE,2003,281200.200000000,BEL,2003
A,CP_MEUR,B1GQ,BE,2004,296819.700000000,BEL,2004
A,CP_MEUR,B1GQ,BE,2005,310037.600000000,BEL,2005
A,CP_MEUR,B1GQ,BE,2006,325151.500000000,BEL,2006
A,CP_MEUR,B1GQ,BE,2007,343618.900000000,BEL,2007
A,CP_MEUR,B1GQ,BE,2008,351743.100000000,BEL,2008
A,CP_MEUR,B1GQ,BE,2009,347734.900000000,BEL,2009
A,CP_MEUR,B1GQ,BE,2010,363242.400000000,BEL,2010
A,CP_MEUR,B1GQ,BE,2011,378745.400000000,BEL,2011
A,CP_MEUR,B1GQ,BE,2012,387934.900000000,BEL,2012
A,CP_MEUR,B1GQ,BE,2013,394616.300000000,BEL,2013
A,CP_MEUR,B1GQ,BE,2014,404958.300000000,BEL,2014
A,CP_MEUR,B1GQ,BE,2015,415538.000000000,BEL,2015
A,CP_MEUR,B1GQ,BE,2016,428467.100000000,BEL,2016
A,CP_MEUR,B1GQ,BE,2017,443407.200000000,BEL,2017
A,CP_MEUR,B1GQ,BE,2018,459491.800000000,BEL,2018
A,CP_MEUR,B1GQ,BE,2019,479444.900000000,BEL,2019
A,CP_MEUR,B1GQ,BE,2020,463750.900000000,BEL,2020
A,CP_MEUR,B1GQ,BE,2021,506047.200000000,BEL,2021
A,CP_MEUR,B1GQ,BE,2022,561678.200000000,BEL,2022
A,CP_MEUR,B1GQ,BE,2023,601866.500000000,BEL,2023
A,CP_MEUR,B1GQ,BE,2024,619914.300000000,BEL,2024
A,CP_MEUR,B1GQ,BG,1995,14518.400000000,BGR,1995
A,CP_MEUR,B1GQ,BG,1996,9827.900000000,BGR,1996
A,CP_MEUR,B1GQ,BG,1997,10064.700000000,BGR,1997
A,CP_MEUR,B1GQ,BG,1998,13437.400000000,BGR,1998
A,CP_MEUR,B1GQ,BG,1999,12804.200000000,BGR,1999
A,CP_MEUR,B1GQ,BG,2000,14440.000000000,BGR,2000
A,CP_MEUR,B1GQ,BG,2001,15905.300000000,BGR,2001
A,CP_MEUR,B1GQ,BG,2002,17478.300000000,BGR,2002
A,CP_MEUR,B1GQ,BG,2003,18798.300000000,BGR,2003
A,CP_MEUR,B1GQ,BG,2004,21093.200000000,BGR,2004
A,CP_MEUR,B1GQ,BG,2005,24039.900000000,BGR,2005
A,CP_MEUR,B1GQ,BG,2006,27409.600000000,BGR,2006
A,CP_MEUR,B1GQ,BG,2007,32464.200000000,BGR,2007
A,CP_MEUR,B1GQ,BG,2008,37246.100000000,BGR,2008
A,CP_MEUR,B1GQ,BG,2009,37417.100000000,BGR,2009
A,CP_MEUR,B1GQ,BG,2010,38289.400000000,BGR,2010
A,CP_MEUR,B1GQ,BG,2011,41479.200000000,BGR,2011
A,CP_MEUR,B1GQ,BG,2012,42254.600000000,BGR,2012
A,CP_MEUR,B1GQ,BG,2013,42055.500000000,BGR,2013
A,CP_MEUR,B1GQ,BG,2014,43024.000000000,BGR,2014
A,CP_MEUR,B1GQ,BG,2015,45797.100000000,BGR,2015
A,CP_MEUR,B1GQ,BG,2016,48751.400000000,BGR,2016
A,CP_MEUR,B1GQ,BG,2017,52501.000000000,BGR,2017
A,CP_MEUR,B1GQ,BG,2018,55999.700000000,BGR,2018
A,CP_MEUR,B1GQ,BG,2019,61194.400000000,BGR,2019
A,CP_MEUR,B1GQ,BG,2020,61855.600000000,BGR,2020
A,CP_MEUR,B1GQ,BG,2021,71343.900000000,BGR,2021
A,CP_MEUR,B1GQ,BG,2022,86078.200000000,BGR,2022
A,CP_MEUR,B1GQ,BG,2023,94525.100000000,BGR,2023
A,CP_MEUR,B1GQ,BG,2024,104767.200000000,BGR,2024
A,CP_MEUR,B1GQ,CZ,1995,46333.600000000,CZE,1995
A,CP_MEUR,B1GQ,CZ,1996,53416.000000000,CZE,1996
A,CP_MEUR,B1GQ,CZ,1997,55174.600000000,CZE,1997
A,CP_MEUR,B1GQ,CZ,1998,60164.900000000,CZE,1998
A,CP_MEUR,B1GQ,CZ,1999,61470.400000000,CZE,1999
A,CP_MEUR,B1GQ,CZ,2000,67409.200000000,CZE,2000
A,CP_MEUR,B1GQ,CZ,2001,76070.600000000,CZE,2001
A,CP_MEUR,B1GQ,CZ,2002,87795.900000000,CZE,2002
A,CP_MEUR,B1GQ,CZ,2003,88965.600000000,CZE,2003
A,CP_MEUR,B1GQ,CZ,2004,96822.800000000,CZE,2004
A,CP_MEUR,B1GQ,CZ,2005,110418.800000000,CZE,2005
A,CP_MEUR,B1GQ,CZ,2006,124559.000000000,CZE,2006
A,CP_MEUR,B1GQ,CZ,2007,138897.500000000,CZE,2007
A,CP_MEUR,B1GQ,CZ,2008,161852.200000000,CZE,2008
A,CP_MEUR,B1GQ,CZ,2009,149253.100000000,CZE,2009
A,CP_MEUR,B1GQ,CZ,2010,159506.100000000,CZE,2010
A,CP_MEUR,B1GQ,CZ,2011,166545.500000000,CZE,2011
A,CP_MEUR,B1GQ,CZ,2012,163759.400000000,CZE,2012
A,CP_MEUR,B1GQ,CZ,2013,160470.000000000,CZE,2013
A,CP_MEUR,B1GQ,CZ,2014,158991.500000000,CZE,2014
A,CP_MEUR,B1GQ,CZ,2015,170527.300000000,CZE,2015
A,CP_MEUR,B1GQ,CZ,2016,179145.900000000,CZE,2016
A,CP_MEUR,B1GQ,CZ,2017,196738.700000000,CZE,2017
A,CP_MEUR,B1GQ,CZ,2018,213505.400000000,CZE,2018
A,CP_MEUR,B1GQ,CZ,2019,229406.700000000,CZE,2019
A,CP_MEUR,B1GQ,CZ,2020,220310.600000000,CZE,2020
A,CP_MEUR,B1GQ,CZ,2021,246012.300000000,CZE,2021
A,CP_MEUR,B1GQ,CZ,2022,286976.800000000,CZE,2022
A,CP_MEUR,B1GQ,CZ,2023,319099.100000000,CZE,2023
A,CP_MEUR,B1GQ,CZ,2024,320786.500000000,CZE,2024
A,CP_MEUR,B1GQ,DK,1995,141320.300000000,DNK,1995
A,CP_MEUR,B1GQ,DK,1996,147724.200000000,DNK,1996
A,CP_MEUR,B1GQ,DK,1997,152890.700000000,DNK,1997
A,CP_MEUR,B1GQ,DK,1998,158043.800000000,DNK,1998
A,CP_MEUR,B1GQ,DK,1999,166899.400000000,DNK,1999
A,CP_MEUR,B1GQ,DK,2000,177893.500000000,DNK,2000
A,CP_MEUR,B1GQ,DK,2001,184146.300000000,DNK,2001
A,CP_MEUR,B1GQ,DK,2002,189957.500000000,DNK,2002
A,CP_MEUR,B1GQ,DK,2003,193641.700000000,DNK,2003
A,CP_MEUR,B1GQ,DK,2004,202915.900000000,DNK,2004
A,CP_MEUR,B1GQ,DK,2005,213381.800000000,DNK,2005
A,CP_MEUR,B1GQ,DK,2006,225930.800000000,DNK,2006
A,CP_MEUR,B1GQ,DK,2007,233960.300000000,DNK,2007
A,CP_MEUR,B1GQ,DK,2008,242720.100000000,DNK,2008
A,CP_MEUR,B1GQ,DK,2009,232270.000000000,DNK,2009
A,CP_MEUR,B1GQ,DK,2010,243429.900000000,DNK,2010
A,CP_MEUR,B1GQ,DK,2011,248105.000000000,DNK,2011
A,CP_MEUR,B1GQ,DK,2012,254300.700000000,DNK,2012
A,CP_MEUR,B1GQ,DK,2013,259530.900000000,DNK,2013
A,CP_MEUR,B1GQ,DK,2014,265635.700000000,DNK,2014
A,CP_MEUR,B1GQ,DK,2015,272193.000000000,DNK,2015
A,CP_MEUR,B1GQ,DK,2016,282265.100000000,DNK,2016
A,CP_MEUR,B1GQ,DK,2017,294355.000000000,DNK,2017
A,CP_MEUR,B1GQ,DK,2018,301017.300000000,DNK,2018
A,CP_MEUR,B1GQ,DK,2019,308546.200000000,DNK,2019
A,CP_MEUR,B1GQ,DK,2020,312118.300000000,DNK,2020
A,CP_MEUR,B1GQ,DK,2021,343318.600000000,DNK,2021
A,CP_MEUR,B1GQ,DK,2022,380567.400000000,DNK,2022
A,CP_MEUR,B1GQ,DK,2023,374173.600000000,DNK,2023
A,CP_MEUR,B1GQ,DK,2024,392400.700000000,DNK,2024
A,CP_MEUR,B1GQ,DE,1995,1983157.100000000,DEU,1995
A,CP_MEUR,B1GQ,DE,1996,1975310.300000000,DEU,1996
A,CP_MEUR,B1GQ,DE,1997,1958621.600000000,DEU,1997
A,CP_MEUR,B1GQ,DE,1998,2008652.600000000,DEU,1998
A,CP_MEUR,B1GQ,DE,1999,2077240.000000000,DEU,1999
A,CP_MEUR,B1GQ,DE,2000,2129660.000000000,DEU,2000
A,CP_MEUR,B1GQ,DE,2001,2195530.000000000,DEU,2001
A,CP_MEUR,B1GQ,DE,2002,2223360.000000000,DEU,2002
A,CP_MEUR,B1GQ,DE,2003,2240810.000000000,DEU,2003
A,CP_MEUR,B1GQ,DE,2004,2293040.000000000,DEU,2004
A,CP_MEUR,B1GQ,DE,2005,2325710.000000000,DEU,2005
A,CP_MEUR,B1GQ,DE,2006,2426180.000000000,DEU,2006
A,CP_MEUR,B1GQ,DE,2007,2542220.000000000,DEU,2007
A,CP_MEUR,B1GQ,DE,2008,2589280.000000000,DEU,2008
A,CP_MEUR,B1GQ,DE,2009,2493970.000000000,DEU,2009
A,CP_MEUR,B1GQ,DE,2010,2615260.000000000,DEU,2010
A,CP_MEUR,B1GQ,DE,2011,2746910.000000000,DEU,2011
A,CP_MEUR,B1GQ,DE,2012,2799280.000000000,DEU,2012
A,CP_MEUR,B1GQ,DE,2013,2866480.000000000,DEU,2013
A,CP_MEUR,B1GQ,DE,2014,2984470.000000000,DEU,2014
A,CP_MEUR,B1GQ,DE,2015,3087030.000000000,DEU,2015
A,CP_MEUR,B1GQ,DE,2016,3195210.000000000,DEU,2016
A,CP_MEUR,B1GQ,DE,2017,3333110.000000000,DEU,2017
A,CP_MEUR,B1GQ,DE,2018,3434030.000000000,DEU,2018
A,CP_MEUR,B1GQ,DE,2019,3537280.000000000,DEU,2019
A,CP_MEUR,B1GQ,DE,2020,3450720.000000000,DEU,2020
A,CP_MEUR,B1GQ,DE,2021,3682340.000000000,DEU,2021
A,CP_MEUR,B1GQ,DE,2022,3989390.000000000,DEU,2022
A,CP_MEUR,B1GQ,DE,2023,4219310.000000000,DEU,2023
A,CP_MEUR,B1GQ,DE,2024,4328970.000000000,DEU,2024
A,CP_MEUR,B1GQ,EE,1995,2988.100000000,EST,1995
A,CP_MEUR,B1GQ,EE,1996,3770.000000000,EST,1996
A,CP_MEUR,B1GQ,EE,1997,4553.700000000,EST,1997
A,CP_MEUR,B1GQ,EE,1998,5067.500000000,EST,1998
A,CP_MEUR,B1GQ,EE,1999,5406.900000000,EST,1999
A,CP_MEUR,B1GQ,EE,2000,6171.600000000,EST,2000
A,CP_MEUR,B1GQ,EE,2001,6982.100000000,EST,2001
A,CP_MEUR,B1GQ,EE,2002,7824.900000000,EST,2002
A,CP_MEUR,B1GQ,EE,2003,8746.700000000,EST,2003
A,CP_MEUR,B1GQ,EE,2004,9779.600000000,EST,2004
A,CP_MEUR,B1GQ,EE,2005,11345.400000000,EST,2005
A,CP_MEUR,B1GQ,EE,2006,13571.200000000,EST,2006
A,CP_MEUR,B1GQ,EE,2007,16402.200000000,EST,2007
A,CP_MEUR,B1GQ,EE,2008,16618.900000000,EST,2008
A,CP_MEUR,B1GQ,EE,2009,14132.500000000,EST,2009
A,CP_MEUR,B1GQ,EE,2010,14741.800000000,EST,2010
A,CP_MEUR,B1GQ,EE,2011,16741.900000000,EST,2011
A,CP_MEUR,B1GQ,EE,2012,18086.600000000,EST,2012
A,CP_MEUR,B1GQ,EE,2013,19163.200000000,EST,2013
A,CP_MEUR,B1GQ,EE,2014,20365.600000000,EST,2014
A,CP_MEUR,B1GQ,EE,2015,21010.900000000,EST,2015
A,CP_MEUR,B1GQ,EE,2016,22189.000000000,EST,2016
A,CP_MEUR,B1GQ,EE,2017,24316.100000000,EST,2017
A,CP_MEUR,B1GQ,EE,2018,26438.500000000,EST,2018
A,CP_MEUR,B1GQ,EE,2019,28472.100000000,EST,2019
A,CP_MEUR,B1GQ,EE,2020,27859.300000000,EST,2020
A,CP_MEUR,B1GQ,EE,2021,31453.300000000,EST,2021
A,CP_MEUR,B1GQ,EE,2022,36300.900000000,EST,2022
A,CP_MEUR,B1GQ,EE,2023,38353.400000000,EST,2023
A,CP_MEUR,B1GQ,EE,2024,39847.700000000,EST,2024
A,CP_MEUR,B1GQ,IE,1995,52881.300000000,IRL,1995
A,CP_MEUR,B1GQ,IE,1996,59701.500000000,IRL,1996
A,CP_MEUR,B1GQ,IE,1997,73118.800000000,IRL,1997
A,CP_MEUR,B1GQ,IE,1998,80565.700000000,IRL,1998
A,CP_MEUR,B1GQ,IE,1999,92790.500000000,IRL,1999
A,CP_MEUR,B1GQ,IE,2000,108495.300000000,IRL,2000
A,CP_MEUR,B1GQ,IE,2001,122089.200000000,IRL,2001
A,CP_MEUR,B1GQ,IE,2002,135997.900000000,IRL,2002
A,CP_MEUR,B1GQ,IE,2003,145576.900000000,IRL,2003
A,CP_MEUR,B1GQ,IE,2004,156260.000000000,IRL,2004
A,CP_MEUR,B1GQ,IE,2005,170306.800000000,IRL,2005
A,CP_MEUR,B1GQ,IE,2006,184916.200000000,IRL,2006
A,CP_MEUR,B1GQ,IE,2007,197069.400000000,IRL,2007
A,CP_MEUR,B1GQ,IE,2008,187283.000000000,IRL,2008
A,CP_MEUR,B1GQ,IE,2009,169519.700000000,IRL,2009
A,CP_MEUR,B1GQ,IE,2010,167255.100000000,IRL,2010
A,CP_MEUR,B1GQ,IE,2011,173120.400000000,IRL,2011
A,CP_MEUR,B1GQ,IE,2012,176621.900000000,IRL,2012
A,CP_MEUR,B1GQ,IE,2013,182908.600000000,IRL,2013
A,CP_MEUR,B1GQ,IE,2014,200594.900000000,IRL,2014
A,CP_MEUR,B1GQ,IE,2015,272282.900000000,IRL,2015
A,CP_MEUR,B1GQ,IE,2016,275933.100000000,IRL,2016
A,CP_MEUR,B1GQ,IE,2017,308366.000000000,IRL,2017
A,CP_MEUR,B1GQ,IE,2018,335136.000000000,IRL,2018
A,CP_MEUR,B1GQ,IE,2019,363752.600000000,IRL,2019
A,CP_MEUR,B1GQ,IE,2020,381728.700000000,IRL,2020
A,CP_MEUR,B1GQ,IE,2021,448445.100000000,IRL,2021
A,CP_MEUR,B1GQ,IE,2022,520718.400000000,IRL,2022
A,CP_MEUR,B1GQ,IE,2023,524728.800000000,IRL,2023
A,CP_MEUR,B1GQ,IE,2024,562794.200000000,IRL,2024
A,CP_MEUR,B1GQ,EL,1995,103206.400000000,GRC,1995
A,CP_MEUR,B1GQ,EL,1996,112262.300000000,GRC,1996
A,CP_MEUR,B1GQ,EL,1997,122477.800000000,GRC,1997
A,CP_MEUR,B1GQ,EL,1998,124754.400000000,GRC,1998
A,CP_MEUR,B1GQ,EL,1999,134588.800000000,GRC,1999
A,CP_MEUR,B1GQ,EL,2000,137827.600000000,GRC,2000
A,CP_MEUR,B1GQ,EL,2001,147438.700000000,GRC,2001
A,CP_MEUR,B1GQ,EL,2002,158902.300000000,GRC,2002
A,CP_MEUR,B1GQ,EL,2003,174096.000000000,GRC,2003
A,CP_MEUR,B1GQ,EL,2004,188905.200000000,GRC,2004
A,CP_MEUR,B1GQ,EL,2005,194773.400000000,GRC,2005
A,CP_MEUR,B1GQ,EL,2006,214298.900000000,GRC,2006
A,CP_MEUR,B1GQ,EL,2007,229282.800000000,GRC,2007
A,CP_MEUR,B1GQ,EL,2008,238735.400000000,GRC,2008
A,CP_MEUR,B1GQ,EL,2009,234322.600000000,GRC,2009
A,CP_MEUR,B1GQ,EL,2010,223590.500000000,GRC,2010
A,CP_MEUR,B1GQ,EL,2011,203475.000000000,GRC,2011
A,CP_MEUR,B1GQ,EL,2012,185899.200000000,GRC,2012
A,CP_MEUR,B1GQ,EL,2013,178113.900000000,GRC,2013
A,CP_MEUR,B1GQ,EL,2014,176071.800000000,GRC,2014
A,CP_MEUR,B1GQ,EL,2015,175362.900000000,GRC,2015
A,CP_MEUR,B1GQ,EL,2016,174448.200000000,GRC,2016
A,CP_MEUR,B1GQ,EL,2017,177378.500000000,GRC,2017
A,CP_MEUR,B1GQ,EL,2018,180615.700000000,GRC,2018
A,CP_MEUR,B1GQ,EL,2019,185181.200000000,GRC,2019
A,CP_MEUR,B1GQ,EL,2020,167539.500000000,GRC,2020
A,CP_MEUR,B1GQ,EL,2021,184574.600000000,GRC,2021
A,CP_MEUR,B1GQ,EL,2022,207008.700000000,GRC,2022
A,CP_MEUR,B1GQ,EL,2023,224686.200000000,GRC,2023
A,CP_MEUR,B1GQ,EL,2024,236736.000000000,GRC,2024
A,CP_MEUR,B1GQ,ES,1995,469819.900000000,ESP,1995
A,CP_MEUR,B1GQ,ES,1996,506096.600000000,ESP,1996
A,CP_MEUR,B1GQ,ES,1997,520533.100000000,ESP,1997
A,CP_MEUR,B1GQ,ES,1998,552906.500000000,ESP,1998
A,CP_MEUR,B1GQ,ES,1999,595242.000000000,ESP,1999
A,CP_MEUR,B1GQ,ES,2000,647569.000000000,ESP,2000
A,CP_MEUR,B1GQ,ES,2001,700958.000000000,ESP,2001
A,CP_MEUR,B1GQ,ES,2002,749744.000000000,ESP,2002
A,CP_MEUR,B1GQ,ES,2003,802683.000000000,ESP,2003
A,CP_MEUR,B1GQ,ES,2004,860059.000000000,ESP,2004
A,CP_MEUR,B1GQ,ES,2005,928122.000000000,ESP,2005
A,CP_MEUR,B1GQ,ES,2006,1004976.000000000,ESP,2006
A,CP_MEUR,B1GQ,ES,2007,1077541.000000000,ESP,2007
A,CP_MEUR,B1GQ,ES,2008,1112432.000000000,ESP,2008
A,CP_MEUR,B1GQ,ES,2009,1072990.000000000,ESP,2009
A,CP_MEUR,B1GQ,ES,2010,1077145.000000000,ESP,2010
A,CP_MEUR,B1GQ,ES,2011,1068690.000000000,ESP,2011
A,CP_MEUR,B1GQ,ES,2012,1035964.000000000,ESP,2012
A,CP_MEUR,B1GQ,ES,2013,1025652.000000000,ESP,2013
A,CP_MEUR,B1GQ,ES,2014,1038949.000000000,ESP,2014
A,CP_MEUR,B1GQ,ES,2015,1087112.000000000,ESP,2015
A,CP_MEUR,B1GQ,ES,2016,1122967.000000000,ESP,2016
A,CP_MEUR,B1GQ,ES,2017,1170024.000000000,ESP,2017
A,CP_MEUR,B1GQ,ES,2018,1212276.000000000,ESP,2018
A,CP_MEUR,B1GQ,ES,2019,1253710.000000000,ESP,2019
A,CP_MEUR,B1GQ,ES,2020,1129214.000000000,ESP,2020
A,CP_MEUR,B1GQ,ES,2021,1235474.000000000,ESP,2021
A,CP_MEUR,B1GQ,ES,2022,1375863.000000000,ESP,2022
A,CP_MEUR,B1GQ,ES,2023,1497761.000000000,ESP,2023
A,CP_MEUR,B1GQ,ES,2024,1594330.000000000,ESP,2024
A,CP_MEUR,B1GQ,FR,1995,1220222.900000000,FRA,1995
A,CP_MEUR,B1GQ,FR,1996,1259758.800000000,FRA,1996
A,CP_MEUR,B1GQ,FR,1997,1279326.600000000,FRA,1997
A,CP_MEUR,B1GQ,FR,1998,1337784.300000000,FRA,1998
A,CP_MEUR,B1GQ,FR,1999,1395148.000000000,FRA,1999
A,CP_MEUR,B1GQ,FR,2000,1473517.300000000,FRA,2000
A,CP_MEUR,B1GQ,FR,2001,1530070.900000000,FRA,2001
A,CP_MEUR,B1GQ,FR,2002,1578330.400000000,FRA,2002
A,CP_MEUR,B1GQ,FR,2003,1622312.800000000,FRA,2003
A,CP_MEUR,B1GQ,FR,2004,1696107.700000000,FRA,2004
A,CP_MEUR,B1GQ,FR,2005,1762047.700000000,FRA,2005
A,CP_MEUR,B1GQ,FR,2006,1846020.800000000,FRA,2006
A,CP_MEUR,B1GQ,FR,2007,1937876.300000000,FRA,2007
A,CP_MEUR,B1GQ,FR,2008,1989999.700000000,FRA,2008
A,CP_MEUR,B1GQ,FR,2009,1935840.200000000,FRA,2009
A,CP_MEUR,B1GQ,FR,2010,1996075.100000000,FRA,2010
A,CP_MEUR,B1GQ,FR,2011,2062141.400000000,FRA,2011
A,CP_MEUR,B1GQ,FR,2012,2088286.700000000,FRA,2012
A,CP_MEUR,B1GQ,FR,2013,2120351.900000000,FRA,2013
A,CP_MEUR,B1GQ,FR,2014,2153733.100000000,FRA,2014
A,CP_MEUR,B1GQ,FR,2015,2201401.600000000,FRA,2015
A,CP_MEUR,B1GQ,FR,2016,2231819.200000000,FRA,2016
A,CP_MEUR,B1GQ,FR,2017,2291680.500000000,FRA,2017
A,CP_MEUR,B1GQ,FR,2018,2355362.800000000,FRA,2018
A,CP_MEUR,B1GQ,FR,2019,2432206.800000000,FRA,2019
A,CP_MEUR,B1GQ,FR,2020,2318276.200000000,FRA,2020
A,CP_MEUR,B1GQ,FR,2021,2508102.300000000,FRA,2021
A,CP_MEUR,B1GQ,FR,2022,2653997.200000000,FRA,2022
A,CP_MEUR,B1GQ,FR,2023,2826541.500000000,FRA,2023
A,CP_MEUR,B1GQ,FR,2024,2919899.900000000,FRA,2024
A,CP_MEUR,B1GQ,HR,1995,17520.100000000,HRV,1995
A,CP_MEUR,B1GQ,HR,1996,19176.800000000,HRV,1996
A,CP_MEUR,B1GQ,HR,1997,21280.400000000,HRV,1997
A,CP_MEUR,B1GQ,HR,1998,22936.100000000,HRV,1998
A,CP_MEUR,B1GQ,HR,1999,22188.900000000,HRV,1999
A,CP_MEUR,B1GQ,HR,2000,23631.300000000,HRV,2000
A,CP_MEUR,B1GQ,HR,2001,25936.500000000,HRV,2001
A,CP_MEUR,B1GQ,HR,2002,28760.900000000,HRV,2002
A,CP_MEUR,B1GQ,HR,2003,31016.300000000,HRV,2003
A,CP_MEUR,B1GQ,HR,2004,33802.700000000,HRV,2004
A,CP_MEUR,B1GQ,HR,2005,36834.900000000,HRV,2005
A,CP_MEUR,B1GQ,HR,2006,40621.000000000,HRV,2006
A,CP_MEUR,B1GQ,HR,2007,44423.000000000,HRV,2007
A,CP_MEUR,B1GQ,HR,2008,48556.500000000,HRV,2008
A,CP_MEUR,B1GQ,HR,2009,45861.300000000,HRV,2009
A,CP_MEUR,B1GQ,HR,2010,45983.800000000,HRV,2010
A,CP_MEUR,B1GQ,HR,2011,45758.900000000,HRV,2011
A,CP_MEUR,B1GQ,HR,2012,44867.700000000,HRV,2012
A,CP_MEUR,B1GQ,HR,2013,44799.300000000,HRV,2013
A,CP_MEUR,B1GQ,HR,2014,44280.700000000,HRV,2014
A,CP_MEUR,B1GQ,HR,2015,45487.500000000,HRV,2015
A,CP_MEUR,B1GQ,HR,2016,47573.500000000,HRV,2016
A,CP_MEUR,B1GQ,HR,2017,50204.300000000,HRV,2017
A,CP_MEUR,B1GQ,HR,2018,53035.300000000,HRV,2018
A,CP_MEUR,B1GQ,HR,2019,55767.800000000,HRV,2019
A,CP_MEUR,B1GQ,HR,2020,50717.800000000,HRV,2020
A,CP_MEUR,B1GQ,HR,2021,58390.400000000,HRV,2021
A,CP_MEUR,B1GQ,HR,2022,67609.400000000,HRV,2022
A,CP_MEUR,B1GQ,HR,2023,79186.300000000,HRV,2023
A,CP_MEUR,B1GQ,HR,2024,85905.200000000,HRV,2024
A,CP_MEUR,B1GQ,IT,1995,900369.700000000,ITA,1995
A,CP_MEUR,B1GQ,IT,1996,1035610.700000000,ITA,1996
A,CP_MEUR,B1GQ,IT,1997,1099046.200000000,ITA,1997
A,CP_MEUR,B1GQ,IT,1998,1136926.500000000,ITA,1998
A,CP_MEUR,B1GQ,IT,1999,1177549.700000000,ITA,1999
A,CP_MEUR,B1GQ,IT,2000,1244744.200000000,ITA,2000
A,CP_MEUR,B1GQ,IT,2001,1308623.100000000,ITA,2001
A,CP_MEUR,B1GQ,IT,2002,1355522.300000000,ITA,2002
A,CP_MEUR,B1GQ,IT,2003,1399386.000000000,ITA,2003
A,CP_MEUR,B1GQ,IT,2004,1457356.200000000,ITA,2004
A,CP_MEUR,B1GQ,IT,2005,1499073.100000000,ITA,2005
A,CP_MEUR,B1GQ,IT,2006,1559864.200000000,ITA,2006
A,CP_MEUR,B1GQ,IT,2007,1621714.500000000,ITA,2007
A,CP_MEUR,B1GQ,IT,2008,1643718.800000000,ITA,2008
A,CP_MEUR,B1GQ,IT,2009,1584106.800000000,ITA,2009
A,CP_MEUR,B1GQ,IT,2010,1617944.700000000,ITA,2010
A,CP_MEUR,B1GQ,IT,2011,1657362.200000000,ITA,2011
A,CP_MEUR,B1GQ,IT,2012,1632898.500000000,ITA,2012
A,CP_MEUR,B1GQ,IT,2013,1621260.700000000,ITA,2013
A,CP_MEUR,B1GQ,IT,2014,1635870.700000000,ITA,2014
A,CP_MEUR,B1GQ,IT,2015,1663277.700000000,ITA,2015
A,CP_MEUR,B1GQ,IT,2016,1704856.700000000,ITA,2016
A,CP_MEUR,B1GQ,IT,2017,1744493.000000000,ITA,2017
A,CP_MEUR,B1GQ,IT,2018,1777744.400000000,ITA,2018
A,CP_MEUR,B1GQ,IT,2019,1804066.800000000,ITA,2019
A,CP_MEUR,B1GQ,IT,2020,1670011.900000000,ITA,2020
A,CP_MEUR,B1GQ,IT,2021,1842507.400000000,ITA,2021
A,CP_MEUR,B1GQ,IT,2022,1998072.600000000,ITA,2022
A,CP_MEUR,B1GQ,IT,2023,2142744.400000000,ITA,2023
A,CP_MEUR,B1GQ,IT,2024,2202031.200000000,ITA,2024
A,CP_MEUR,B1GQ,CY,1995,7596.000000000,CYP,1995
A,CP_MEUR,B1GQ,CY,1996,7890.100000000,CYP,1996
A,CP_MEUR,B1GQ,CY,1997,8414.300000000,CYP,1997
A,CP_MEUR,B1GQ,CY,1998,9152.600000000,CYP,1998
A,CP_MEUR,B1GQ,CY,1999,9839.700000000,CYP,1999
A,CP_MEUR,B1GQ,CY,2000,10804.600000000,CYP,2000
A,CP_MEUR,B1GQ,CY,2001,11602.900000000,CYP,2001
A,CP_MEUR,B1GQ,CY,2002,12083.000000000,CYP,2002
A,CP_MEUR,B1GQ,CY,2003,12871.300000000,CYP,2003
A,CP_MEUR,B1GQ,CY,2004,13938.000000000,CYP,2004
A,CP_MEUR,B1GQ,CY,2005,15039.300000000,CYP,2005
A,CP_MEUR,B1GQ,CY,2006,16263.800000000,CYP,2006
A,CP_MEUR,B1GQ,CY,2007,17591.000000000,CYP,2007
A,CP_MEUR,B1GQ,CY,2008,19009.500000000,CYP,2008
A,CP_MEUR,B1GQ,CY,2009,18675.500000000,CYP,2009
A,CP_MEUR,B1GQ,CY,2010,19461.100000000,CYP,2010
A,CP_MEUR,B1GQ,CY,2011,19858.100000000,CYP,2011
A,CP_MEUR,B1GQ,CY,2012,19495.400000000,CYP,2012
A,CP_MEUR,B1GQ,CY,2013,18040.300000000,CYP,2013
A,CP_MEUR,B1GQ,CY,2014,17482.800000000,CYP,2014
A,CP_MEUR,B1GQ,CY,2015,17944.200000000,CYP,2015
A,CP_MEUR,B1GQ,CY,2016,19013.800000000,CYP,2016
A,CP_MEUR,B1GQ,CY,2017,20312.400000000,CYP,2017
A,CP_MEUR,B1GQ,CY,2018,21807.800000000,CYP,2018
A,CP_MEUR,B1GQ,CY,2019,23400.900000000,CYP,2019
A,CP_MEUR,B1GQ,CY,2020,22373.600000000,CYP,2020
A,CP_MEUR,B1GQ,CY,2021,25679.900000000,CYP,2021
A,CP_MEUR,B1GQ,CY,2022,29645.400000000,CYP,2022
A,CP_MEUR,B1GQ,CY,2023,32439.200000000,CYP,2023
A,CP_MEUR,B1GQ,CY,2024,34770.200000000,CYP,2024
A,CP_MEUR,B1GQ,LV,1995,4008.100000000,LVA,1995
A,CP_MEUR,B1GQ,LV,1996,4565.200000000,LVA,1996
A,CP_MEUR,B1GQ,LV,1997,5593.900000000,LVA,1997
A,CP_MEUR,B1GQ,LV,1998,6230.700000000,LVA,1998
A,CP_MEUR,B1GQ,LV,1999,6850.700000000,LVA,1999
A,CP_MEUR,B1GQ,LV,2000,8418.000000000,LVA,2000
A,CP_MEUR,B1GQ,LV,2001,9182.200000000,LVA,2001
A,CP_MEUR,B1GQ,LV,2002,9841.000000000,LVA,2002
A,CP_MEUR,B1GQ,LV,2003,10029.000000000,LVA,2003
A,CP_MEUR,B1GQ,LV,2004,11229.700000000,LVA,2004
A,CP_MEUR,B1GQ,LV,2005,13226.900000000,LVA,2005
A,CP_MEUR,B1GQ,LV,2006,16449.400000000,LVA,2006
A,CP_MEUR,B1GQ,LV,2007,21592.400000000,LVA,2007
A,CP_MEUR,B1GQ,LV,2008,23355.300000000,LVA,2008
A,CP_MEUR,B1GQ,LV,2009,18406.600000000,LVA,2009
A,CP_MEUR,B1GQ,LV,2010,17572.200000000,LVA,2010
A,CP_MEUR,B1GQ,LV,2011,19022.600000000,LVA,2011
A,CP_MEUR,B1GQ,LV,2012,21270.900000000,LVA,2012
A,CP_MEUR,B1GQ,LV,2013,21997.000000000,LVA,2013
A,CP_MEUR,B1GQ,LV,2014,22790.500000000,LVA,2014
A,CP_MEUR,B1GQ,LV,2015,23744.300000000,LVA,2015
A,CP_MEUR,B1GQ,LV,2016,24498.200000000,LVA,2016
A,CP_MEUR,B1GQ,LV,2017,26017.100000000,LVA,2017
A,CP_MEUR,B1GQ,LV,2018,28153.400000000,LVA,2018
A,CP_MEUR,B1GQ,LV,2019,29567.000000000,LVA,2019
A,CP_MEUR,B1GQ,LV,2020,29224.300000000,LVA,2020
A,CP_MEUR,B1GQ,LV,2021,32283.800000000,LVA,2021
A,CP_MEUR,B1GQ,LV,2022,36088.700000000,LVA,2022
A,CP_MEUR,B1GQ,LV,2023,39564.200000000,LVA,2023
A,CP_MEUR,B1GQ,LV,2024,40652.300000000,LVA,2024
A,CP_MEUR,B1GQ,LT,1995,5156.900000000,LTU,1995
A,CP_MEUR,B1GQ,LT,1996,6639.400000000,LTU,1996
A,CP_MEUR,B1GQ,LT,1997,8966.600000000,LTU,1997
A,CP_MEUR,B1GQ,LT,1998,10070.000000000,LTU,1998
A,CP_MEUR,B1GQ,LT,1999,10339.700000000,LTU,1999
A,CP_MEUR,B1GQ,LT,2000,12503.700000000,LTU,2000
A,CP_MEUR,B1GQ,LT,2001,13690.700000000,LTU,2001
A,CP_MEUR,B1GQ,LT,2002,15177.200000000,LTU,2002
A,CP_MEUR,B1GQ,LT,2003,16674.600000000,LTU,2003
A,CP_MEUR,B1GQ,LT,2004,18312.500000000,LTU,2004
A,CP_MEUR,B1GQ,LT,2005,20986.000000000,LTU,2005
A,CP_MEUR,B1GQ,LT,2006,23999.600000000,LTU,2006
A,CP_MEUR,B1GQ,LT,2007,29034.100000000,LTU,2007
A,CP_MEUR,B1GQ,LT,2008,32683.100000000,LTU,2008
A,CP_MEUR,B1GQ,LT,2009,26973.500000000,LTU,2009
A,CP_MEUR,B1GQ,LT,2010,27663.400000000,LTU,2010
A,CP_MEUR,B1GQ,LT,2011,31066.400000000,LTU,2011
A,CP_MEUR,B1GQ,LT,2012,33240.400000000,LTU,2012
A,CP_MEUR,B1GQ,LT,2013,34874.000000000,LTU,2013
A,CP_MEUR,B1GQ,LT,2014,36410.100000000,LTU,2014
A,CP_MEUR,B1GQ,LT,2015,37440.700000000,LTU,2015
A,CP_MEUR,B1GQ,LT,2016,38820.700000000,LTU,2016
A,CP_MEUR,B1GQ,LT,2017,42274.600000000,LTU,2017
A,CP_MEUR,B1GQ,LT,2018,45947.400000000,LTU,2018
A,CP_MEUR,B1GQ,LT,2019,49239.200000000,LTU,2019
A,CP_MEUR,B1GQ,LT,2020,50264.600000000,LTU,2020
A,CP_MEUR,B1GQ,LT,2021,56709.100000000,LTU,2021
A,CP_MEUR,B1GQ,LT,2022,67081.100000000,LTU,2022
A,CP_MEUR,B1GQ,LT,2023,74317.000000000,LTU,2023
A,CP_MEUR,B1GQ,LT,2024,78996.200000000,LTU,2024
A,CP_MEUR,B1GQ,LU,1995,15946.200000000,LUX,1995
A,CP_MEUR,B1GQ,LU,1996,16462.100000000,LUX,1996
A,CP_MEUR,B1GQ,LU,1997,17266.500000000,LUX,1997
A,CP_MEUR,B1GQ,LU,1998,18005.700000000,LUX,1998
A,CP_MEUR,B1GQ,LU,1999,20547.800000000,LUX,1999
A,CP_MEUR,B1GQ,LU,2000,22986.000000000,LUX,2000
A,CP_MEUR,B1GQ,LU,2001,23879.900000000,LUX,2001
A,CP_MEUR,B1GQ,LU,2002,25011.100000000,LUX,2002
A,CP_MEUR,B1GQ,LU,2003,26227.300000000,LUX,2003
A,CP_MEUR,B1GQ,LU,2004,28189.400000000,LUX,2004
A,CP_MEUR,B1GQ,LU,2005,30281.000000000,LUX,2005
A,CP_MEUR,B1GQ,LU,2006,34175.100000000,LUX,2006
A,CP_MEUR,B1GQ,LU,2007,37641.900000000,LUX,2007
A,CP_MEUR,B1GQ,LU,2008,40009.600000000,LUX,2008
A,CP_MEUR,B1GQ,LU,2009,39050.700000000,LUX,2009
A,CP_MEUR,B1GQ,LU,2010,42402.700000000,LUX,2010
A,CP_MEUR,B1GQ,LU,2011,44323.500000000,LUX,2011
A,CP_MEUR,B1GQ,LU,2012,46526.200000000,LUX,2012
A,CP_MEUR,B1GQ,LU,2013,49094.500000000,LUX,2013
A,CP_MEUR,B1GQ,LU,2014,51791.300000000,LUX,2014
A,CP_MEUR,B1GQ,LU,2015,54142.300000000,LUX,2015
A,CP_MEUR,B1GQ,LU,2016,56208.100000000,LUX,2016
A,CP_MEUR,B1GQ,LU,2017,58168.800000000,LUX,2017
A,CP_MEUR,B1GQ,LU,2018,60193.400000000,LUX,2018
A,CP_MEUR,B1GQ,LU,2019,62415.000000000,LUX,2019
A,CP_MEUR,B1GQ,LU,2020,64499.200000000,LUX,2020
A,CP_MEUR,B1GQ,LU,2021,73039.500000000,LUX,2021
A,CP_MEUR,B1GQ,LU,2022,76731.200000000,LUX,2022
A,CP_MEUR,B1GQ,LU,2023,82115.500000000,LUX,2023
A,CP_MEUR,B1GQ,LU,2024,86180.300000000,LUX,2024
A,CP_MEUR,B1GQ,HU,1995,35585.400000000,HUN,1995
A,CP_MEUR,B1GQ,HU,1996,36896.300000000,HUN,1996
A,CP_MEUR,B1GQ,HU,1997,41831.000000000,HUN,1997
A,CP_MEUR,B1GQ,HU,1998,43477.800000000,HUN,1998
A,CP_MEUR,B1GQ,HU,1999,46121.500000000,HUN,1999
A,CP_MEUR,B1GQ,HU,2000,51300.900000000,HUN,2000
A,CP_MEUR,B1GQ,HU,2001,60068.800000000,HUN,2001
A,CP_MEUR,B1GQ,HU,2002,71785.300000000,HUN,2002
A,CP_MEUR,B1GQ,HU,2003,75344.200000000,HUN,2003
A,CP_MEUR,B1GQ,HU,2004,83798.300000000,HUN,2004
A,CP_MEUR,B1GQ,HU,2005,90999.500000000,HUN,2005
A,CP_MEUR,B1GQ,HU,2006,92038.000000000,HUN,2006
A,CP_MEUR,B1GQ,HU,2007,102368.200000000,HUN,2007
A,CP_MEUR,B1GQ,HU,2008,108278.800000000,HUN,2008
A,CP_MEUR,B1GQ,HU,2009,94416.600000000,HUN,2009
A,CP_MEUR,B1GQ,HU,2010,99562.800000000,HUN,2010
A,CP_MEUR,B1GQ,HU,2011,101986.900000000,HUN,2011
A,CP_MEUR,B1GQ,HU,2012,99979.900000000,HUN,2012
A,CP_MEUR,B1GQ,HU,2013,102210.900000000,HUN,2013
A,CP_MEUR,B1GQ,HU,2014,106335.300000000,HUN,2014
A,CP_MEUR,B1GQ,HU,2015,112854.000000000,HUN,2015
A,CP_MEUR,B1GQ,HU,2016,116593.500000000,HUN,2016
A,CP_MEUR,B1GQ,HU,2017,127222.500000000,HUN,2017
A,CP_MEUR,B1GQ,HU,2018,136580.000000000,HUN,2018
A,CP_MEUR,B1GQ,HU,2019,147373.200000000,HUN,2019
A,CP_MEUR,B1GQ,HU,2020,138954.500000000,HUN,2020
A,CP_MEUR,B1GQ,HU,2021,154971.700000000,HUN,2021
A,CP_MEUR,B1GQ,HU,2022,168546.200000000,HUN,2022
A,CP_MEUR,B1GQ,HU,2023,196983.700000000,HUN,2023
A,CP_MEUR,B1GQ,HU,2024,206156.200000000,HUN,2024
A,CP_MEUR,B1GQ,MT,1995,2838.200000000,MLT,1995
A,CP_MEUR,B1GQ,MT,1996,3010.500000000,MLT,1996
A,CP_MEUR,B1GQ,MT,1997,3341.000000000,MLT,1997
A,CP_MEUR,B1GQ,MT,1998,3581.200000000,MLT,1998
A,CP_MEUR,B1GQ,MT,1999,3852.100000000,MLT,1999
A,CP_MEUR,B1GQ,MT,2000,4377.000000000,MLT,2000
A,CP_MEUR,B1GQ,MT,2001,4546.100000000,MLT,2001
A,CP_MEUR,B1GQ,MT,2002,4724.500000000,MLT,2002
A,CP_MEUR,B1GQ,MT,2003,4796.900000000,MLT,2003
A,CP_MEUR,B1GQ,MT,2004,4915.600000000,MLT,2004
A,CP_MEUR,B1GQ,MT,2005,5133.800000000,MLT,2005
A,CP_MEUR,B1GQ,MT,2006,5380.600000000,MLT,2006
A,CP_MEUR,B1GQ,MT,2007,5778.200000000,MLT,2007
A,CP_MEUR,B1GQ,MT,2008,6236.500000000,MLT,2008
A,CP_MEUR,B1GQ,MT,2009,6287.600000000,MLT,2009
A,CP_MEUR,B1GQ,MT,2010,6862.000000000,MLT,2010
A,CP_MEUR,B1GQ,MT,2011,7032.800000000,MLT,2011
A,CP_MEUR,B1GQ,MT,2012,7479.500000000,MLT,2012
A,CP_MEUR,B1GQ,MT,2013,8129.400000000,MLT,2013
A,CP_MEUR,B1GQ,MT,2014,8948.500000000,MLT,2014
A,CP_MEUR,B1GQ,MT,2015,10221.400000000,MLT,2015
A,CP_MEUR,B1GQ,MT,2016,10864.300000000,MLT,2016
A,CP_MEUR,B1GQ,MT,2017,12535.700000000,MLT,2017
A,CP_MEUR,B1GQ,MT,2018,13678.600000000,MLT,2018
A,CP_MEUR,B1GQ,MT,2019,14594.200000000,MLT,2019
A,CP_MEUR,B1GQ,MT,2020,14362.400000000,MLT,2020
A,CP_MEUR,B1GQ,MT,2021,16681.700000000,MLT,2021
A,CP_MEUR,B1GQ,MT,2022,17984.800000000,MLT,2022
A,CP_MEUR,B1GQ,MT,2023,20924.800000000,MLT,2023
A,CP_MEUR,B1GQ,MT,2024,23136.700000000,MLT,2024
A,CP_MEUR,B1GQ,NL,1995,346510.000000000,NLD,1995
A,CP_MEUR,B1GQ,NL,1996,355624.300000000,NLD,1996
A,CP_MEUR,B1GQ,NL,1997,368473.600000000,NLD,1997
A,CP_MEUR,B1GQ,NL,1998,392001.000000000,NLD,1998
A,CP_MEUR,B1GQ,NL,1999,420143.000000000,NLD,1999
A,CP_MEUR,B1GQ,NL,2000,452191.000000000,NLD,2000
A,CP_MEUR,B1GQ,NL,2001,482941.000000000,NLD,2001
A,CP_MEUR,B1GQ,NL,2002,502901.000000000,NLD,2002
A,CP_MEUR,B1GQ,NL,2003,514901.000000000,NLD,2003
A,CP_MEUR,B1GQ,NL,2004,531573.000000000,NLD,2004
A,CP_MEUR,B1GQ,NL,2005,553122.000000000,NLD,2005
A,CP_MEUR,B1GQ,NL,2006,587444.000000000,NLD,2006
A,CP_MEUR,B1GQ,NL,2007,622775.000000000,NLD,2007
A,CP_MEUR,B1GQ,NL,2008,651299.000000000,NLD,2008
A,CP_MEUR,B1GQ,NL,2009,630173.000000000,NLD,2009
A,CP_MEUR,B1GQ,NL,2010,643022.000000000,NLD,2010
A,CP_MEUR,B1GQ,NL,2011,656013.000000000,NLD,2011
A,CP_MEUR,B1GQ,NL,2012,658232.000000000,NLD,2012
A,CP_MEUR,B1GQ,NL,2013,665567.000000000,NLD,2013
A,CP_MEUR,B1GQ,NL,2014,678627.000000000,NLD,2014
A,CP_MEUR,B1GQ,NL,2015,699175.000000000,NLD,2015
A,CP_MEUR,B1GQ,NL,2016,720175.000000000,NLD,2016
A,CP_MEUR,B1GQ,NL,2017,750861.000000000,NLD,2017
A,CP_MEUR,B1GQ,NL,2018,787273.000000000,NLD,2018
A,CP_MEUR,B1GQ,NL,2019,829767.000000000,NLD,2019
A,CP_MEUR,B1GQ,NL,2020,816463.000000000,NLD,2020
A,CP_MEUR,B1GQ,NL,2021,891550.000000000,NLD,2021
A,CP_MEUR,B1GQ,NL,2022,993820.000000000,NLD,2022
A,CP_MEUR,B1GQ,NL,2023,1050133.000000000,NLD,2023
A,CP_MEUR,B1GQ,NL,2024,1121543.000000000,NLD,2024
A,CP_MEUR,B1GQ,AT,1995,183629.200000000,AUT,1995
A,CP_MEUR,B1GQ,AT,1996,185944.900000000,AUT,1996
A,CP_MEUR,B1GQ,AT,1997,186913.000000000,AUT,1997
A,CP_MEUR,B1GQ,AT,1998,193947.000000000,AUT,1998
A,CP_MEUR,B1GQ,AT,1999,203064.900000000,AUT,1999
A,CP_MEUR,B1GQ,AT,2000,212406.800000000,AUT,2000
A,CP_MEUR,B1GQ,AT,2001,219373.300000000,AUT,2001
A,CP_MEUR,B1GQ,AT,2002,225087.900000000,AUT,2002
A,CP_MEUR,B1GQ,AT,2003,230541.900000000,AUT,2003
A,CP_MEUR,B1GQ,AT,2004,240541.700000000,AUT,2004
A,CP_MEUR,B1GQ,AT,2005,252354.900000000,AUT,2005
A,CP_MEUR,B1GQ,AT,2006,265933.700000000,AUT,2006
A,CP_MEUR,B1GQ,AT,2007,282208.200000000,AUT,2007
A,CP_MEUR,B1GQ,AT,2008,291846.200000000,AUT,2008
A,CP_MEUR,B1GQ,AT,2009,286274.100000000,AUT,2009
A,CP_MEUR,B1GQ,AT,2010,294050.600000000,AUT,2010
A,CP_MEUR,B1GQ,AT,2011,308167.000000000,AUT,2011
A,CP_MEUR,B1GQ,AT,2012,316589.400000000,AUT,2012
A,CP_MEUR,B1GQ,AT,2013,321191.700000000,AUT,2013
A,CP_MEUR,B1GQ,AT,2014,330113.500000000,AUT,2014
A,CP_MEUR,B1GQ,AT,2015,342083.500000000,AUT,2015
A,CP_MEUR,B1GQ,AT,2016,355665.600000000,AUT,2016
A,CP_MEUR,B1GQ,AT,2017,367294.900000000,AUT,2017
A,CP_MEUR,B1GQ,AT,2018,383234.300000000,AUT,2018
A,CP_MEUR,B1GQ,AT,2019,395706.800000000,AUT,2019
A,CP_MEUR,B1GQ,AT,2020,380317.900000000,AUT,2020
A,CP_MEUR,B1GQ,AT,2021,406231.500000000,AUT,2021
A,CP_MEUR,B1GQ,AT,2022,449382.200000000,AUT,2022
A,CP_MEUR,B1GQ,AT,2023,477837.300000000,AUT,2023
A,CP_MEUR,B1GQ,AT,2024,494087.600000000,AUT,2024
A,CP_MEUR,B1GQ,PL,1995,109251.200000000,POL,1995
A,CP_MEUR,B1GQ,PL,1996,126689.100000000,POL,1996
A,CP_MEUR,B1GQ,PL,1997,141122.100000000,POL,1997
A,CP_MEUR,B1GQ,PL,1998,155540.900000000,POL,1998
A,CP_MEUR,B1GQ,PL,1999,160193.700000000,POL,1999
A,CP_MEUR,B1GQ,PL,2000,187532.800000000,POL,2000
A,CP_MEUR,B1GQ,PL,2001,213857.200000000,POL,2001
A,CP_MEUR,B1GQ,PL,2002,211220.000000000,POL,2002
A,CP_MEUR,B1GQ,PL,2003,193199.600000000,POL,2003
A,CP_MEUR,B1GQ,PL,2004,207064.400000000,POL,2004
A,CP_MEUR,B1GQ,PL,2005,246903.600000000,POL,2005
A,CP_MEUR,B1GQ,PL,2006,275514.000000000,POL,2006
A,CP_MEUR,B1GQ,PL,2007,314356.300000000,POL,2007
A,CP_MEUR,B1GQ,PL,2008,367420.900000000,POL,2008
A,CP_MEUR,B1GQ,PL,2009,317876.900000000,POL,2009
A,CP_MEUR,B1GQ,PL,2010,360890.700000000,POL,2010
A,CP_MEUR,B1GQ,PL,2011,379540.600000000,POL,2011
A,CP_MEUR,B1GQ,PL,2012,387660.300000000,POL,2012
A,CP_MEUR,B1GQ,PL,2013,390177.000000000,POL,2013
A,CP_MEUR,B1GQ,PL,2014,408714.700000000,POL,2014
A,CP_MEUR,B1GQ,PL,2015,432485.800000000,POL,2015
A,CP_MEUR,B1GQ,PL,2016,427658.600000000,POL,2016
A,CP_MEUR,B1GQ,PL,2017,469071.200000000,POL,2017
A,CP_MEUR,B1GQ,PL,2018,503951.000000000,POL,2018
A,CP_MEUR,B1GQ,PL,2019,538423.500000000,POL,2019
A,CP_MEUR,B1GQ,PL,2020,531827.400000000,POL,2020
A,CP_MEUR,B1GQ,PL,2021,583001.400000000,POL,2021
A,CP_MEUR,B1GQ,PL,2022,661712.300000000,POL,2022
A,CP_MEUR,B1GQ,PL,2023,751931.700000000,POL,2023
A,CP_MEUR,B1GQ,PL,2024,852229.800000000,POL,2024
A,CP_MEUR,B1GQ,PT,1995,91015.800000000,PRT,1995
A,CP_MEUR,B1GQ,PT,1996,96626.800000000,PRT,1996
A,CP_MEUR,B1GQ,PT,1997,103306.600000000,PRT,1997
A,CP_MEUR,B1GQ,PT,1998,110683.700000000,PRT,1998
A,CP_MEUR,B1GQ,PT,1999,119603.300000000,PRT,1999
A,CP_MEUR,B1GQ,PT,2000,128414.400000000,PRT,2000
A,CP_MEUR,B1GQ,PT,2001,135775.000000000,PRT,2001
A,CP_MEUR,B1GQ,PT,2002,142554.300000000,PRT,2002
A,CP_MEUR,B1GQ,PT,2003,146067.900000000,PRT,2003
A,CP_MEUR,B1GQ,PT,2004,152248.400000000,PRT,2004
A,CP_MEUR,B1GQ,PT,2005,158552.700000000,PRT,2005
A,CP_MEUR,B1GQ,PT,2006,166260.500000000,PRT,2006
A,CP_MEUR,B1GQ,PT,2007,175483.400000000,PRT,2007
A,CP_MEUR,B1GQ,PT,2008,179102.800000000,PRT,2008
A,CP_MEUR,B1GQ,PT,2009,175416.400000000,PRT,2009
A,CP_MEUR,B1GQ,PT,2010,179860.400000000,PRT,2010
A,CP_MEUR,B1GQ,PT,2011,176318.000000000,PRT,2011
A,CP_MEUR,B1GQ,PT,2012,168538.800000000,PRT,2012
A,CP_MEUR,B1GQ,PT,2013,170675.600000000,PRT,2013
A,CP_MEUR,B1GQ,PT,2014,173186.700000000,PRT,2014
A,CP_MEUR,B1GQ,PT,2015,179392.700000000,PRT,2015
A,CP_MEUR,B1GQ,PT,2016,186380.700000000,PRT,2016
A,CP_MEUR,B1GQ,PT,2017,195509.100000000,PRT,2017
A,CP_MEUR,B1GQ,PT,2018,204997.600000000,PRT,2018
A,CP_MEUR,B1GQ,PT,2019,214489.900000000,PRT,2019
A,CP_MEUR,B1GQ,PT,2020,201032.700000000,PRT,2020
A,CP_MEUR,B1GQ,PT,2021,216493.700000000,PRT,2021
A,CP_MEUR,B1GQ,PT,2022,243957.100000000,PRT,2022
A,CP_MEUR,B1GQ,PT,2023,270352.600000000,PRT,2023
A,CP_MEUR,B1GQ,PT,2024,289784.300000000,PRT,2024
A,CP_MEUR,B1GQ,RO,1995,28589.800000000,ROU,1995
A,CP_MEUR,B1GQ,RO,1996,29035.400000000,ROU,1996
A,CP_MEUR,B1GQ,RO,1997,31450.500000000,ROU,1997
A,CP_MEUR,B1GQ,RO,1998,37063.300000000,ROU,1998
A,CP_MEUR,B1GQ,RO,1999,33726.800000000,ROU,1999
A,CP_MEUR,B1GQ,RO,2000,40594.900000000,ROU,2000
A,CP_MEUR,B1GQ,RO,2001,45143.600000000,ROU,2001
A,CP_MEUR,B1GQ,RO,2002,48695.700000000,ROU,2002
A,CP_MEUR,B1GQ,RO,2003,51108.500000000,ROU,2003
A,CP_MEUR,B1GQ,RO,2004,60402.000000000,ROU,2004
A,CP_MEUR,B1GQ,RO,2005,79223.900000000,ROU,2005
A,CP_MEUR,B1GQ,RO,2006,97215.600000000,ROU,2006
A,CP_MEUR,B1GQ,RO,2007,127632.000000000,ROU,2007
A,CP_MEUR,B1GQ,RO,2008,146589.700000000,ROU,2008
A,CP_MEUR,B1GQ,RO,2009,125219.800000000,ROU,2009
A,CP_MEUR,B1GQ,RO,2010,128305.300000000,ROU,2010
A,CP_MEUR,B1GQ,RO,2011,138528.200000000,ROU,2011
A,CP_MEUR,B1GQ,RO,2012,139307.700000000,ROU,2012
A,CP_MEUR,B1GQ,RO,2013,142936.000000000,ROU,2013
A,CP_MEUR,B1GQ,RO,2014,150528.800000000,ROU,2014
A,CP_MEUR,B1GQ,RO,2015,160289.000000000,ROU,2015
A,CP_MEUR,B1GQ,RO,2016,167497.100000000,ROU,2016
A,CP_MEUR,B1GQ,RO,2017,186399.200000000,ROU,2017
A,CP_MEUR,B1GQ,RO,2018,204780.700000000,ROU,2018
A,CP_MEUR,B1GQ,RO,2019,223341.400000000,ROU,2019
A,CP_MEUR,B1GQ,RO,2020,219839.800000000,ROU,2020
A,CP_MEUR,B1GQ,RO,2021,240986.600000000,ROU,2021
A,CP_MEUR,B1GQ,RO,2022,280777.400000000,ROU,2022
A,CP_MEUR,B1GQ,RO,2023,321577.900000000,ROU,2023
A,CP_MEUR,B1GQ,RO,2024,353633.100000000,ROU,2024
A,CP_MEUR,B1GQ,SI,1995,16352.000000000,SVN,1995
A,CP_MEUR,B1GQ,SI,1996,16917.300000000,SVN,1996
A,CP_MEUR,B1GQ,SI,1997,18288.800000000,SVN,1997
A,CP_MEUR,B1GQ,SI,1998,19706.300000000,SVN,1998
A,CP_MEUR,B1GQ,SI,1999,21132.400000000,SVN,1999
A,CP_MEUR,B1GQ,SI,2000,21726.200000000,SVN,2000
A,CP_MEUR,B1GQ,SI,2001,23018.100000000,SVN,2001
A,CP_MEUR,B1GQ,SI,2002,24679.700000000,SVN,2002
A,CP_MEUR,B1GQ,SI,2003,26004.700000000,SVN,2003
A,CP_MEUR,B1GQ,SI,2004,27484.300000000,SVN,2004
A,CP_MEUR,B1GQ,SI,2005,28914.400000000,SVN,2005
A,CP_MEUR,B1GQ,SI,2006,31300.200000000,SVN,2006
A,CP_MEUR,B1GQ,SI,2007,34936.900000000,SVN,2007
A,CP_MEUR,B1GQ,SI,2008,37742.100000000,SVN,2008
A,CP_MEUR,B1GQ,SI,2009,35830.300000000,SVN,2009
A,CP_MEUR,B1GQ,SI,2010,36050.800000000,SVN,2010
A,CP_MEUR,B1GQ,SI,2011,36782.200000000,SVN,2011
A,CP_MEUR,B1GQ,SI,2012,35933.600000000,SVN,2012
A,CP_MEUR,B1GQ,SI,2013,36041.300000000,SVN,2013
A,CP_MEUR,B1GQ,SI,2014,37270.900000000,SVN,2014
A,CP_MEUR,B1GQ,SI,2015,38493.900000000,SVN,2015
A,CP_MEUR,B1GQ,SI,2016,40013.200000000,SVN,2016
A,CP_MEUR,B1GQ,SI,2017,42625.500000000,SVN,2017
A,CP_MEUR,B1GQ,SI,2018,45462.400000000,SVN,2018
A,CP_MEUR,B1GQ,SI,2019,48156.500000000,SVN,2019
A,CP_MEUR,B1GQ,SI,2020,46738.700000000,SVN,2020
A,CP_MEUR,B1GQ,SI,2021,52032.400000000,SVN,2021
A,CP_MEUR,B1GQ,SI,2022,56881.600000000,SVN,2022
A,CP_MEUR,B1GQ,SI,2023,64050.000000000,SVN,2023
A,CP_MEUR,B1GQ,SI,2024,67418.100000000,SVN,2024
A,CP_MEUR,B1GQ,SK,1995,15524.400000000,SVK,1995
A,CP_MEUR,B1GQ,SK,1996,17219.800000000,SVK,1996
A,CP_MEUR,B1GQ,SK,1997,19427.800000000,SVK,1997
A,CP_MEUR,B1GQ,SK,1998,20415.600000000,SVK,1998
A,CP_MEUR,B1GQ,SK,1999,19537.000000000,SVK,1999
A,CP_MEUR,B1GQ,SK,2000,22368.600000000,SVK,2000
A,CP_MEUR,B1GQ,SK,2001,23869.300000000,SVK,2001
A,CP_MEUR,B1GQ,SK,2002,26300.300000000,SVK,2002
A,CP_MEUR,B1GQ,SK,2003,29924.100000000,SVK,2003
A,CP_MEUR,B1GQ,SK,2004,34623.400000000,SVK,2004
A,CP_MEUR,B1GQ,SK,2005,39239.700000000,SVK,2005
A,CP_MEUR,B1GQ,SK,2006,45592.000000000,SVK,2006
A,CP_MEUR,B1GQ,SK,2007,56354.700000000,SVK,2007
A,CP_MEUR,B1GQ,SK,2008,66065.400000000,SVK,2008
A,CP_MEUR,B1GQ,SK,2009,64055.100000000,SVK,2009
A,CP_MEUR,B1GQ,SK,2010,68726.700000000,SVK,2010
A,CP_MEUR,B1GQ,SK,2011,71629.500000000,SVK,2011
A,CP_MEUR,B1GQ,SK,2012,73727.600000000,SVK,2012
A,CP_MEUR,B1GQ,SK,2013,74642.700000000,SVK,2013
A,CP_MEUR,B1GQ,SK,2014,76562.300000000,SVK,2014
A,CP_MEUR,B1GQ,SK,2015,80376.300000000,SVK,2015
A,CP_MEUR,B1GQ,SK,2016,81621.600000000,SVK,2016
A,CP_MEUR,B1GQ,SK,2017,84960.400000000,SVK,2017
A,CP_MEUR,B1GQ,SK,2018,90275.900000000,SVK,2018
A,CP_MEUR,B1GQ,SK,2019,94547.500000000,SVK,2019
A,CP_MEUR,B1GQ,SK,2020,94320.600000000,SVK,2020
A,CP_MEUR,B1GQ,SK,2021,101891.600000000,SVK,2021
A,CP_MEUR,B1GQ,SK,2022,109959.800000000,SVK,2022
A,CP_MEUR,B1GQ,SK,2023,123538.700000000,SVK,2023
A,CP_MEUR,B1GQ,SK,2024,130207.500000000,SVK,2024
A,CP_MEUR,B1GQ,FI,1995,102544.700000000,FIN,1995
A,CP_MEUR,B1GQ,FI,1996,104034.100000000,FIN,1996
A,CP_MEUR,B1GQ,FI,1997,111990.000000000,FIN,1997
A,CP_MEUR,B1GQ,FI,1998,119690.600000000,FIN,1998
A,CP_MEUR,B1GQ,FI,1999,126888.000000000,FIN,1999
A,CP_MEUR,B1GQ,FI,2000,136386.000000000,FIN,2000
A,CP_MEUR,B1GQ,FI,2001,144613.000000000,FIN,2001
A,CP_MEUR,B1GQ,FI,2002,148440.000000000,FIN,2002
A,CP_MEUR,B1GQ,FI,2003,151714.000000000,FIN,2003
A,CP_MEUR,B1GQ,FI,2004,158741.000000000,FIN,2004
A,CP_MEUR,B1GQ,FI,2005,164666.000000000,FIN,2005
A,CP_MEUR,B1GQ,FI,2006,172861.000000000,FIN,2006
A,CP_MEUR,B1GQ,FI,2007,187059.000000000,FIN,2007
A,CP_MEUR,B1GQ,FI,2008,194253.000000000,FIN,2008
A,CP_MEUR,B1GQ,FI,2009,181735.000000000,FIN,2009
A,CP_MEUR,B1GQ,FI,2010,188147.000000000,FIN,2010
A,CP_MEUR,B1GQ,FI,2011,197655.000000000,FIN,2011
A,CP_MEUR,B1GQ,FI,2012,200378.000000000,FIN,2012
A,CP_MEUR,B1GQ,FI,2013,203497.000000000,FIN,2013
A,CP_MEUR,B1GQ,FI,2014,205855.000000000,FIN,2014
A,CP_MEUR,B1GQ,FI,2015,210192.000000000,FIN,2015
A,CP_MEUR,B1GQ,FI,2016,215717.000000000,FIN,2016
A,CP_MEUR,B1GQ,FI,2017,224706.000000000,FIN,2017
A,CP_MEUR,B1GQ,FI,2018,231905.000000000,FIN,2018
A,CP_MEUR,B1GQ,FI,2019,238518.000000000,FIN,2019
A,CP_MEUR,B1GQ,FI,2020,236387.000000000,FIN,2020
A,CP_MEUR,B1GQ,FI,2021,248764.000000000,FIN,2021
A,CP_MEUR,B1GQ,FI,2022,266135.000000000,FIN,2022
A,CP_MEUR,B1GQ,FI,2023,273005.000000000,FIN,2023
A,CP_MEUR,B1GQ,FI,2024,275993.000000000,FIN,2024
A,CP_MEUR,B1GQ,SE,1995,204133.200000000,SWE,1995
A,CP_MEUR,B1GQ,SE,1996,229933.400000000,SWE,1996
A,CP_MEUR,B1GQ,SE,1997,236737.000000000,SWE,1997
A,CP_MEUR,B1GQ,SE,1998,241537.800000000,SWE,1998
A,CP_MEUR,B1GQ,SE,1999,257340.700000000,SWE,1999
A,CP_MEUR,B1GQ,SE,2000,285224.200000000,SWE,2000
A,CP_MEUR,B1GQ,SE,2001,270638.200000000,SWE,2001
A,CP_MEUR,B1GQ,SE,2002,284182.800000000,SWE,2002
A,CP_MEUR,B1GQ,SE,2003,296070.900000000,SWE,2003
A,CP_MEUR,B1GQ,SE,2004,309720.900000000,SWE,2004
A,CP_MEUR,B1GQ,SE,2005,315348.400000000,SWE,2005
A,CP_MEUR,B1GQ,SE,2006,336866.700000000,SWE,2006
A,CP_MEUR,B1GQ,SE,2007,358064.800000000,SWE,2007
A,CP_MEUR,B1GQ,SE,2008,352761.600000000,SWE,2008
A,CP_MEUR,B1GQ,SE,2009,313033.600000000,SWE,2009
A,CP_MEUR,B1GQ,SE,2010,372381.500000000,SWE,2010
A,CP_MEUR,B1GQ,SE,2011,410287.800000000,SWE,2011
A,CP_MEUR,B1GQ,SE,2012,427901.200000000,SWE,2012
A,CP_MEUR,B1GQ,SE,2013,439805.400000000,SWE,2013
A,CP_MEUR,B1GQ,SE,2014,435639.500000000,SWE,2014
A,CP_MEUR,B1GQ,SE,2015,452337.200000000,SWE,2015
A,CP_MEUR,B1GQ,SE,2016,463918.800000000,SWE,2016
A,CP_MEUR,B1GQ,SE,2017,474838.200000000,SWE,2017
A,CP_MEUR,B1GQ,SE,2018,465753.300000000,SWE,2018
A,CP_MEUR,B1GQ,SE,2019,474202.900000000,SWE,2019
A,CP_MEUR,B1GQ,SE,2020,478106.900000000,SWE,2020
A,CP_MEUR,B1GQ,SE,2021,533953.600000000,SWE,2021
A,CP_MEUR,B1GQ,SE,2022,547190.400000000,SWE,2022
A,CP_MEUR,B1GQ,SE,2023,535176.800000000,SWE,2023
A,CP_MEUR,B1GQ,SE,2024,559072.500000000,SWE,2024
