country,year,measure,domestic_value_added_share_pct,import_content_share
ROU,2022,GFCF_VA_SH,61.081000000,0.389190000
FIN,2021,GFCF_VA_SH,62.417000000,0.375830000
FRA,2021,GFCF_VA_SH,69.993000000,0.300070000
HRV,2021,GFCF_VA_SH,52.558000000,0.474420000
PRT,2021,GFCF_VA_SH,59.747000000,0.402530000
SWE,2021,GFCF_VA_SH,63.738000000,0.362620000
LVA,2021,GFCF_VA_SH,56.281000000,0.437190000
ITA,2021,GFCF_VA_SH,71.455000000,0.285450000
ESP,2021,GFCF_VA_SH,66.914000000,0.330860000
SVN,2021,GFCF_VA_SH,54.907000000,0.450930000
POL,2021,GFCF_VA_SH,60.717000000,0.392830000
SVK,2021,GFCF_VA_SH,49.539000000,0.504610000
GRC,2021,GFCF_VA_SH,60.651000000,0.393490000
DEU,2021,GFCF_VA_SH,66.873000000,0.331270000
LTU,2021,GFCF_VA_SH,54.058000000,0.459420000
HUN,2021,GFCF_VA_SH,44.738000000,0.552620000
BGR,2021,GFCF_VA_SH,51.792000000,0.482080000
IRL,2021,GFCF_VA_SH,12.961000000,0.870390000
EST,2021,GFCF_VA_SH,45.117000000,0.548830000
CYP,2021,GFCF_VA_SH,51.847000000,0.481530000
NLD,2021,GFCF_VA_SH,57.272000000,0.427280000
LUX,2021,GFCF_VA_SH,39.615000000,0.603850000
ROU,2021,GFCF_VA_SH,60.959000000,0.390410000
FIN,2022,GFCF_VA_SH,59.209000000,0.407910000
LVA,2022,GFCF_VA_SH,55.956000000,0.440440000
CZE,2022,GFCF_VA_SH,54.345000000,0.456550000
FRA,2022,GFCF_VA_SH,66.884000000,0.331160000
DEU,2022,GFCF_VA_SH,63.072000000,0.369280000
HUN,2022,GFCF_VA_SH,43.469000000,0.565310000
ITA,2022,GFCF_VA_SH,67.076000000,0.329240000
AUT,2022,GFCF_VA_SH,53.339000000,0.466610000
LTU,2022,GFCF_VA_SH,55.006000000,0.449940000
EST,2022,GFCF_VA_SH,47.892000000,0.521080000
BEL,2022,GFCF_VA_SH,46.327000000,0.536730000
IRL,2022,GFCF_VA_SH,14.876000000,0.851240000
LUX,2022,GFCF_VA_SH,37.641000000,0.623590000
DNK,2022,GFCF_VA_SH,56.812000000,0.431880000
GRC,2022,GFCF_VA_SH,59.125000000,0.408750000
MLT,2016,GFCF_VA_SH,37.772000000,0.622280000
ROU,2016,GFCF_VA_SH,58.191000000,0.418090000
AUT,2017,GFCF_VA_SH,57.099000000,0.429010000
BEL,2017,GFCF_VA_SH,48.986000000,0.510140000
SWE,2019,GFCF_VA_SH,62.766000000,0.372340000
ROU,2019,GFCF_VA_SH,60.809000000,0.391910000
HRV,2019,GFCF_VA_SH,51.489000000,0.485110000
BGR,2019,GFCF_VA_SH,50.234000000,0.497660000
CYP,2019,GFCF_VA_SH,57.823000000,0.421770000
MLT,2019,GFCF_VA_SH,41.401000000,0.585990000
MLT,2022,GFCF_VA_SH,41.993000000,0.580070000
CYP,2022,GFCF_VA_SH,47.284000000,0.527160000
NLD,2022,GFCF_VA_SH,59.232000000,0.407680000
BGR,2022,GFCF_VA_SH,49.973000000,0.500270000
ESP,2022,GFCF_VA_SH,61.078000000,0.389220000
SVN,2022,GFCF_VA_SH,54.565000000,0.454350000
POL,2022,GFCF_VA_SH,58.692000000,0.413080000
SVK,2022,GFCF_VA_SH,47.408000000,0.525920000
SWE,2022,GFCF_VA_SH,60.049000000,0.399510000
PRT,2022,GFCF_VA_SH,58.299000000,0.417010000
HRV,2022,GFCF_VA_SH,52.317000000,0.476830000
ROU,2015,GFCF_VA_SH,59.218000000,0.407820000
MLT,2015,GFCF_VA_SH,38.043000000,0.619570000
FIN,2020,GFCF_VA_SH,64.755000000,0.352450000
SWE,2020,GFCF_VA_SH,64.709000000,0.352910000
FRA,2020,GFCF_VA_SH,71.473000000,0.285270000
PRT,2020,GFCF_VA_SH,61.785000000,0.382150000
LVA,2020,GFCF_VA_SH,59.485000000,0.405150000
SVK,2020,GFCF_VA_SH,51.210000000,0.487900000
ITA,2020,GFCF_VA_SH,73.558000000,0.264420000
POL,2020,GFCF_VA_SH,61.106000000,0.388940000
DEU,2020,GFCF_VA_SH,68.737000000,0.312630000
ESP,2020,GFCF_VA_SH,68.488000000,0.315120000
CZE,2020,GFCF_VA_SH,53.718000000,0.462820000
HUN,2020,GFCF_VA_SH,43.566000000,0.564340000
AUT,2020,GFCF_VA_SH,57.940000000,0.420600000
EST,2020,GFCF_VA_SH,47.798000000,0.522020000
SVN,2020,GFCF_VA_SH,57.353000000,0.426470000
LTU,2020,GFCF_VA_SH,57.866000000,0.421340000
GRC,2020,GFCF_VA_SH,61.712000000,0.382880000
IRL,2020,GFCF_VA_SH,16.631000000,0.833690000
BEL,2020,GFCF_VA_SH,48.878000000,0.511220000
NLD,2020,GFCF_VA_SH,57.176000000,0.428240000
LUX,2020,GFCF_VA_SH,44.283000000,0.557170000
DNK,2020,GFCF_VA_SH,62.164000000,0.378360000
DNK,2015,GFCF_VA_SH,62.310000000,0.376900000
IRL,2015,GFCF_VA_SH,29.448000000,0.705520000
LUX,2015,GFCF_VA_SH,45.426000000,0.545740000
GRC,2015,GFCF_VA_SH,61.856000000,0.381440000
LTU,2015,GFCF_VA_SH,61.439000000,0.385610000
NLD,2015,GFCF_VA_SH,47.708000000,0.522920000
BEL,2015,GFCF_VA_SH,49.134000000,0.508660000
EST,2015,GFCF_VA_SH,50.022000000,0.499780000
AUT,2015,GFCF_VA_SH,58.538000000,0.414620000
CZE,2015,GFCF_VA_SH,50.064000000,0.499360000
HUN,2015,GFCF_VA_SH,39.764000000,0.602360000
DEU,2015,GFCF_VA_SH,66.197000000,0.338030000
LVA,2015,GFCF_VA_SH,58.622000000,0.413780000
FRA,2015,GFCF_VA_SH,72.157000000,0.278430000
ITA,2015,GFCF_VA_SH,73.734000000,0.262660000
POL,2015,GFCF_VA_SH,62.625000000,0.373750000
FIN,2015,GFCF_VA_SH,64.800000000,0.352000000
ROU,2014,GFCF_VA_SH,58.451000000,0.415490000
ROU,2020,GFCF_VA_SH,61.784000000,0.382160000
HRV,2020,GFCF_VA_SH,55.195000000,0.448050000
BGR,2020,GFCF_VA_SH,50.826000000,0.491740000
CYP,2020,GFCF_VA_SH,52.028000000,0.479720000
MLT,2020,GFCF_VA_SH,39.790000000,0.602100000
DNK,2016,GFCF_VA_SH,64.611000000,0.353890000
LUX,2016,GFCF_VA_SH,45.353000000,0.546470000
IRL,2016,GFCF_VA_SH,22.078000000,0.779220000
LTU,2016,GFCF_VA_SH,57.576000000,0.424240000
GRC,2016,GFCF_VA_SH,62.144000000,0.378560000
EST,2016,GFCF_VA_SH,51.508000000,0.484920000
NLD,2016,GFCF_VA_SH,56.118000000,0.438820000
SVN,2016,GFCF_VA_SH,53.194000000,0.468060000
HUN,2016,GFCF_VA_SH,38.949000000,0.610510000
CZE,2016,GFCF_VA_SH,50.605000000,0.493950000
DEU,2016,GFCF_VA_SH,66.900000000,0.331000000
LVA,2016,GFCF_VA_SH,58.169000000,0.418310000
ESP,2016,GFCF_VA_SH,67.218000000,0.327820000
FRA,2016,GFCF_VA_SH,72.057000000,0.279430000
POL,2016,GFCF_VA_SH,62.106000000,0.378940000
PRT,2016,GFCF_VA_SH,60.140000000,0.398600000
ITA,2016,GFCF_VA_SH,73.231000000,0.267690000
SVK,2016,GFCF_VA_SH,50.050000000,0.499500000
SWE,2016,GFCF_VA_SH,62.967000000,0.370330000
FIN,2016,GFCF_VA_SH,64.991000000,0.350090000
AUT,2021,GFCF_VA_SH,55.239000000,0.447610000
BEL,2021,GFCF_VA_SH,48.986000000,0.510140000
FIN,2017,GFCF_VA_SH,64.199000000,0.358010000
FRA,2017,GFCF_VA_SH,71.540000000,0.284600000
HRV,2017,GFCF_VA_SH,55.456000000,0.445440000
ITA,2017,GFCF_VA_SH,72.295000000,0.277050000
SWE,2017,GFCF_VA_SH,62.655000000,0.373450000
LVA,2017,GFCF_VA_SH,57.547000000,0.424530000
ESP,2017,GFCF_VA_SH,67.856000000,0.321440000
PRT,2017,GFCF_VA_SH,59.223000000,0.407770000
POL,2017,GFCF_VA_SH,60.610000000,0.393900000
SVK,2017,GFCF_VA_SH,50.917000000,0.490830000
DEU,2017,GFCF_VA_SH,66.635000000,0.333650000
SVN,2017,GFCF_VA_SH,52.369000000,0.476310000
GRC,2017,GFCF_VA_SH,57.178000000,0.428220000
CZE,2017,GFCF_VA_SH,51.263000000,0.487370000
HUN,2017,GFCF_VA_SH,39.843000000,0.601570000
EST,2017,GFCF_VA_SH,51.142000000,0.488580000
NLD,2017,GFCF_VA_SH,55.268000000,0.447320000
LTU,2017,GFCF_VA_SH,55.457000000,0.445430000
IRL,2017,GFCF_VA_SH,22.716000000,0.772840000
LUX,2017,GFCF_VA_SH,45.826000000,0.541740000
CYP,2017,GFCF_VA_SH,50.412000000,0.495880000
BGR,2017,GFCF_VA_SH,50.474000000,0.495260000
DNK,2017,GFCF_VA_SH,64.743000000,0.352570000
MLT,2018,GFCF_VA_SH,39.661000000,0.603390000
CYP,2018,GFCF_VA_SH,56.366000000,0.436340000
LTU,2018,GFCF_VA_SH,54.754000000,0.452460000
LUX,2018,GFCF_VA_SH,45.684000000,0.543160000
NLD,2018,GFCF_VA_SH,54.598000000,0.454020000
BGR,2018,GFCF_VA_SH,48.824000000,0.511760000
SVN,2018,GFCF_VA_SH,51.825000000,0.481750000
POL,2018,GFCF_VA_SH,60.355000000,0.396450000
ESP,2018,GFCF_VA_SH,67.114000000,0.328860000
PRT,2018,GFCF_VA_SH,59.425000000,0.405750000
SVK,2018,GFCF_VA_SH,50.403000000,0.495970000
LVA,2018,GFCF_VA_SH,57.451000000,0.425490000
SWE,2018,GFCF_VA_SH,62.540000000,0.374600000
HRV,2018,GFCF_VA_SH,51.347000000,0.486530000
ROU,2010,GFCF_VA_SH,64.365000000,0.356350000
DNK,2021,GFCF_VA_SH,61.235000000,0.387650000
CZE,2021,GFCF_VA_SH,54.706000000,0.452940000
DNK,2018,GFCF_VA_SH,62.628000000,0.373720000
GRC,2018,GFCF_VA_SH,59.529000000,0.404710000
IRL,2018,GFCF_VA_SH,24.731000000,0.752690000
BEL,2018,GFCF_VA_SH,49.032000000,0.509680000
AUT,2018,GFCF_VA_SH,55.560000000,0.444400000
EST,2018,GFCF_VA_SH,51.363000000,0.486370000
CZE,2018,GFCF_VA_SH,51.349000000,0.486510000
HUN,2018,GFCF_VA_SH,42.375000000,0.576250000
DEU,2018,GFCF_VA_SH,66.461000000,0.335390000
ITA,2018,GFCF_VA_SH,71.865000000,0.281350000
FRA,2018,GFCF_VA_SH,70.904000000,0.290960000
FIN,2018,GFCF_VA_SH,63.981000000,0.360190000
ROU,2018,GFCF_VA_SH,60.636000000,0.393640000
ROU,2017,GFCF_VA_SH,60.517000000,0.394830000
MLT,2017,GFCF_VA_SH,41.752000000,0.582480000
DNK,2019,GFCF_VA_SH,62.173000000,0.378270000
IRL,2019,GFCF_VA_SH,19.238000000,0.807620000
LUX,2019,GFCF_VA_SH,43.009000000,0.569910000
GRC,2019,GFCF_VA_SH,59.565000000,0.404350000
LTU,2019,GFCF_VA_SH,56.759000000,0.432410000
AUT,2019,GFCF_VA_SH,55.878000000,0.441220000
NLD,2019,GFCF_VA_SH,55.449000000,0.445510000
BEL,2019,GFCF_VA_SH,49.973000000,0.500270000
SVN,2019,GFCF_VA_SH,52.372000000,0.476280000
EST,2019,GFCF_VA_SH,52.519000000,0.474810000
HUN,2019,GFCF_VA_SH,43.060000000,0.569400000
ITA,2019,GFCF_VA_SH,71.978000000,0.280220000
CZE,2019,GFCF_VA_SH,51.958000000,0.480420000
ESP,2019,GFCF_VA_SH,68.859000000,0.311410000
POL,2019,GFCF_VA_SH,59.942000000,0.400580000
FRA,2019,GFCF_VA_SH,70.867000000,0.291330000
PRT,2019,GFCF_VA_SH,59.959000000,0.400410000
SVK,2019,GFCF_VA_SH,47.675000000,0.523250000
DEU,2019,GFCF_VA_SH,66.376000000,0.336240000
LVA,2019,GFCF_VA_SH,57.890000000,0.421100000
FIN,2019,GFCF_VA_SH,62.670000000,0.373300000
ROU,2009,GFCF_VA_SH,68.904000000,0.310960000
MLT,2009,GFCF_VA_SH,41.493000000,0.585070000
MLT,2021,GFCF_VA_SH,44.314000000,0.556860000
GRC,2014,GFCF_VA_SH,61.717000000,0.382830000
HRV,2014,GFCF_VA_SH,53.045000000,0.469550000
PRT,2014,GFCF_VA_SH,60.939000000,0.390610000
ITA,2014,GFCF_VA_SH,74.771000000,0.252290000
ESP,2014,GFCF_VA_SH,67.655000000,0.323450000
SWE,2014,GFCF_VA_SH,62.173000000,0.378270000
SVK,2014,GFCF_VA_SH,47.948000000,0.520520000
LVA,2014,GFCF_VA_SH,56.953000000,0.430470000
POL,2014,GFCF_VA_SH,61.905000000,0.380950000
SVN,2014,GFCF_VA_SH,55.211000000,0.447890000
LTU,2014,GFCF_VA_SH,64.236000000,0.357640000
NLD,2014,GFCF_VA_SH,63.959000000,0.360410000
LUX,2014,GFCF_VA_SH,45.023000000,0.549770000
HUN,2014,GFCF_VA_SH,40.049000000,0.599510000
BGR,2014,GFCF_VA_SH,46.963000000,0.530370000
IRL,2014,GFCF_VA_SH,34.540000000,0.654600000
CYP,2014,GFCF_VA_SH,51.511000000,0.484890000
MLT,2014,GFCF_VA_SH,42.599000000,0.574010000
CYP,2012,GFCF_VA_SH,58.282000000,0.417180000
LUX,2012,GFCF_VA_SH,46.423000000,0.535770000
BGR,2012,GFCF_VA_SH,51.915000000,0.480850000
IRL,2012,GFCF_VA_SH,33.608000000,0.663920000
HUN,2012,GFCF_VA_SH,40.407000000,0.595930000
NLD,2012,GFCF_VA_SH,64.062000000,0.359380000
LTU,2012,GFCF_VA_SH,63.974000000,0.360260000
DEU,2012,GFCF_VA_SH,67.034000000,0.329660000
SVN,2012,GFCF_VA_SH,51.939000000,0.480610000
SVK,2012,GFCF_VA_SH,49.200000000,0.508000000
GRC,2012,GFCF_VA_SH,66.047000000,0.339530000
LVA,2012,GFCF_VA_SH,54.670000000,0.453300000
POL,2012,GFCF_VA_SH,62.685000000,0.373150000
SWE,2012,GFCF_VA_SH,60.987000000,0.390130000
HRV,2012,GFCF_VA_SH,56.915000000,0.430850000
ITA,2012,GFCF_VA_SH,75.013000000,0.249870000
FIN,2012,GFCF_VA_SH,60.747000000,0.392530000
FRA,2012,GFCF_VA_SH,73.551000000,0.264490000
PRT,2012,GFCF_VA_SH,65.646000000,0.343540000
ESP,2012,GFCF_VA_SH,70.733000000,0.292670000
HRV,2016,GFCF_VA_SH,58.948000000,0.410520000
BGR,2016,GFCF_VA_SH,50.424000000,0.495760000
CYP,2016,GFCF_VA_SH,52.038000000,0.479620000
IRL,2007,GFCF_VA_SH,50.409000000,0.495910000
NLD,2013,GFCF_VA_SH,62.913000000,0.370870000
ROU,2013,GFCF_VA_SH,60.247000000,0.397530000
FIN,2013,GFCF_VA_SH,62.404000000,0.375960000
ITA,2013,GFCF_VA_SH,75.428000000,0.245720000
FRA,2013,GFCF_VA_SH,73.590000000,0.264100000
HRV,2013,GFCF_VA_SH,55.265000000,0.447350000
DEU,2013,GFCF_VA_SH,67.581000000,0.324190000
GRC,2013,GFCF_VA_SH,67.443000000,0.325570000
LVA,2013,GFCF_VA_SH,53.969000000,0.460310000
LTU,2013,GFCF_VA_SH,63.108000000,0.368920000
HUN,2013,GFCF_VA_SH,40.530000000,0.594700000
AUT,2013,GFCF_VA_SH,56.647000000,0.433530000
CZE,2013,GFCF_VA_SH,51.432000000,0.485680000
IRL,2013,GFCF_VA_SH,36.897000000,0.631030000
EST,2013,GFCF_VA_SH,46.370000000,0.536300000
LUX,2013,GFCF_VA_SH,45.005000000,0.549950000
CYP,2013,GFCF_VA_SH,53.764000000,0.462360000
BEL,2013,GFCF_VA_SH,49.775000000,0.502250000
MLT,2013,GFCF_VA_SH,41.416000000,0.585840000
DNK,2013,GFCF_VA_SH,62.398000000,0.376020000
MLT,2011,GFCF_VA_SH,39.195000000,0.608050000
CYP,2011,GFCF_VA_SH,56.083000000,0.439170000
BGR,2011,GFCF_VA_SH,55.854000000,0.441460000
HRV,2011,GFCF_VA_SH,58.564000000,0.414360000
ROU,2011,GFCF_VA_SH,61.860000000,0.381400000
HRV,2010,GFCF_VA_SH,62.344000000,0.376560000
BGR,2010,GFCF_VA_SH,58.923000000,0.410770000
CYP,2010,GFCF_VA_SH,56.656000000,0.433440000
AUT,2016,GFCF_VA_SH,58.782000000,0.412180000
BEL,2016,GFCF_VA_SH,49.604000000,0.503960000
ROU,2007,GFCF_VA_SH,61.506000000,0.384940000
FIN,2011,GFCF_VA_SH,61.559000000,0.384410000
FRA,2011,GFCF_VA_SH,74.160000000,0.258400000
ITA,2011,GFCF_VA_SH,73.991000000,0.260090000
LVA,2011,GFCF_VA_SH,57.488000000,0.425120000
DEU,2011,GFCF_VA_SH,67.153000000,0.328470000
HUN,2011,GFCF_VA_SH,42.408000000,0.575920000
CZE,2011,GFCF_VA_SH,54.811000000,0.451890000
AUT,2011,GFCF_VA_SH,57.116000000,0.428840000
GRC,2011,GFCF_VA_SH,64.473000000,0.355270000
EST,2011,GFCF_VA_SH,48.965000000,0.510350000
IRL,2011,GFCF_VA_SH,32.383000000,0.676170000
BEL,2011,GFCF_VA_SH,49.934000000,0.500660000
DNK,2011,GFCF_VA_SH,64.031000000,0.359690000
BGR,2015,GFCF_VA_SH,49.202000000,0.507980000
CYP,2015,GFCF_VA_SH,53.993000000,0.460070000
SVN,2015,GFCF_VA_SH,55.093000000,0.449070000
SVK,2015,GFCF_VA_SH,49.521000000,0.504790000
SWE,2015,GFCF_VA_SH,61.940000000,0.380600000
ESP,2015,GFCF_VA_SH,67.387000000,0.326130000
HRV,2015,GFCF_VA_SH,53.711000000,0.462890000
PRT,2015,GFCF_VA_SH,60.605000000,0.393950000
ESP,2013,GFCF_VA_SH,68.890000000,0.311100000
SWE,2013,GFCF_VA_SH,62.376000000,0.376240000
POL,2013,GFCF_VA_SH,61.964000000,0.380360000
SVK,2013,GFCF_VA_SH,48.802000000,0.511980000
PRT,2013,GFCF_VA_SH,63.448000000,0.365520000
BGR,2013,GFCF_VA_SH,49.522000000,0.504780000
SVN,2013,GFCF_VA_SH,49.304000000,0.506960000
EST,2012,GFCF_VA_SH,47.051000000,0.529490000
AUT,2012,GFCF_VA_SH,57.129000000,0.428710000
CZE,2012,GFCF_VA_SH,51.520000000,0.484800000
BEL,2012,GFCF_VA_SH,49.514000000,0.504860000
DNK,2012,GFCF_VA_SH,62.434000000,0.375660000
LUX,2011,GFCF_VA_SH,47.520000000,0.524800000
NLD,2011,GFCF_VA_SH,63.896000000,0.361040000
LTU,2011,GFCF_VA_SH,66.156000000,0.338440000
SVN,2011,GFCF_VA_SH,52.852000000,0.471480000
SWE,2011,GFCF_VA_SH,61.903000000,0.380970000
SVK,2011,GFCF_VA_SH,50.209000000,0.497910000
POL,2011,GFCF_VA_SH,63.215000000,0.367850000
ESP,2011,GFCF_VA_SH,71.682000000,0.283180000
PRT,2011,GFCF_VA_SH,65.298000000,0.347020000
PRT,2010,GFCF_VA_SH,64.198000000,0.358020000
LVA,2010,GFCF_VA_SH,62.620000000,0.373800000
ITA,2010,GFCF_VA_SH,74.587000000,0.254130000
ESP,2010,GFCF_VA_SH,74.094000000,0.259060000
SVK,2010,GFCF_VA_SH,55.300000000,0.447000000
SWE,2010,GFCF_VA_SH,63.190000000,0.368100000
FIN,2010,GFCF_VA_SH,61.368000000,0.386320000
POL,2010,GFCF_VA_SH,62.776000000,0.372240000
LTU,2010,GFCF_VA_SH,67.340000000,0.326600000
FRA,2010,GFCF_VA_SH,75.248000000,0.247520000
DEU,2010,GFCF_VA_SH,67.832000000,0.321680000
CZE,2010,GFCF_VA_SH,56.237000000,0.437630000
HUN,2010,GFCF_VA_SH,44.003000000,0.559970000
SVN,2010,GFCF_VA_SH,55.936000000,0.440640000
NLD,2010,GFCF_VA_SH,67.187000000,0.328130000
EST,2010,GFCF_VA_SH,51.537000000,0.484630000
GRC,2010,GFCF_VA_SH,70.172000000,0.298280000
LUX,2010,GFCF_VA_SH,49.878000000,0.501220000
DNK,2010,GFCF_VA_SH,64.632000000,0.353680000
IRL,2010,GFCF_VA_SH,33.800000000,0.662000000
MLT,2012,GFCF_VA_SH,40.185000000,0.598150000
ROU,2012,GFCF_VA_SH,62.394000000,0.376060000
DNK,2014,GFCF_VA_SH,62.768000000,0.372320000
BEL,2014,GFCF_VA_SH,48.295000000,0.517050000
EST,2014,GFCF_VA_SH,47.048000000,0.529520000
AUT,2014,GFCF_VA_SH,58.391000000,0.416090000
CZE,2014,GFCF_VA_SH,49.744000000,0.502560000
DEU,2014,GFCF_VA_SH,67.584000000,0.324160000
FRA,2014,GFCF_VA_SH,73.209000000,0.267910000
FIN,2014,GFCF_VA_SH,63.602000000,0.363980000
BEL,2008,GFCF_VA_SH,50.854000000,0.491460000
AUT,2008,GFCF_VA_SH,59.874000000,0.401260000
CZE,2008,GFCF_VA_SH,57.555000000,0.424450000
DNK,2008,GFCF_VA_SH,62.235000000,0.377650000
EST,2008,GFCF_VA_SH,54.222000000,0.457780000
FIN,2008,GFCF_VA_SH,60.459000000,0.395410000
FRA,2008,GFCF_VA_SH,74.672000000,0.253280000
DEU,2008,GFCF_VA_SH,69.365000000,0.306350000
GRC,2008,GFCF_VA_SH,61.743000000,0.382570000
HUN,2008,GFCF_VA_SH,44.875000000,0.551250000
IRL,2008,GFCF_VA_SH,48.693000000,0.513070000
ITA,2008,GFCF_VA_SH,73.885000000,0.261150000
LVA,2008,GFCF_VA_SH,64.974000000,0.350260000
LTU,2008,GFCF_VA_SH,61.899000000,0.381010000
LUX,2008,GFCF_VA_SH,45.670000000,0.543300000
NLD,2008,GFCF_VA_SH,61.809000000,0.381910000
POL,2008,GFCF_VA_SH,58.678000000,0.413220000
PRT,2008,GFCF_VA_SH,62.796000000,0.372040000
SVK,2008,GFCF_VA_SH,50.190000000,0.498100000
SVN,2008,GFCF_VA_SH,52.427000000,0.475730000
ESP,2008,GFCF_VA_SH,73.164000000,0.268360000
SWE,2008,GFCF_VA_SH,56.970000000,0.430300000
BGR,2008,GFCF_VA_SH,49.465000000,0.505350000
HRV,2008,GFCF_VA_SH,59.169000000,0.408310000
CYP,2008,GFCF_VA_SH,61.256000000,0.387440000
MLT,2008,GFCF_VA_SH,40.199000000,0.598010000
ROU,2008,GFCF_VA_SH,61.634000000,0.383660000
BGR,2009,GFCF_VA_SH,62.264000000,0.377360000
FRA,2009,GFCF_VA_SH,77.435000000,0.225650000
DEU,2009,GFCF_VA_SH,72.197000000,0.278030000
FIN,2009,GFCF_VA_SH,62.246000000,0.377540000
AUT,2009,GFCF_VA_SH,62.298000000,0.377020000
CZE,2009,GFCF_VA_SH,59.857000000,0.401430000
HUN,2009,GFCF_VA_SH,46.260000000,0.537400000
HRV,2009,GFCF_VA_SH,63.029000000,0.369710000
EST,2009,GFCF_VA_SH,57.803000000,0.421970000
GRC,2009,GFCF_VA_SH,65.919000000,0.340810000
BEL,2009,GFCF_VA_SH,51.390000000,0.486100000
IRL,2009,GFCF_VA_SH,38.759000000,0.612410000
CYP,2009,GFCF_VA_SH,61.592000000,0.384080000
DNK,2009,GFCF_VA_SH,64.924000000,0.350760000
BGR,2004,GFCF_VA_SH,47.410000000,0.525900000
PRT,2002,GFCF_VA_SH,65.376000000,0.346240000
POL,2002,GFCF_VA_SH,60.767000000,0.392330000
ESP,2002,GFCF_VA_SH,73.095000000,0.269050000
LVA,2002,GFCF_VA_SH,56.518000000,0.434820000
ITA,2002,GFCF_VA_SH,74.626000000,0.253740000
ROU,2002,GFCF_VA_SH,67.313000000,0.326870000
SVN,2002,GFCF_VA_SH,52.486000000,0.475140000
SVK,2002,GFCF_VA_SH,45.562000000,0.544380000
LUX,2002,GFCF_VA_SH,45.983000000,0.540170000
IRL,2002,GFCF_VA_SH,51.986000000,0.480140000
SWE,2002,GFCF_VA_SH,57.232000000,0.427680000
BGR,2002,GFCF_VA_SH,54.376000000,0.456240000
HRV,2002,GFCF_VA_SH,53.206000000,0.467940000
LTU,2002,GFCF_VA_SH,55.518000000,0.444820000
NLD,2002,GFCF_VA_SH,64.070000000,0.359300000
MLT,2002,GFCF_VA_SH,58.925000000,0.410750000
CYP,2002,GFCF_VA_SH,50.827000000,0.491730000
NLD,2009,GFCF_VA_SH,64.940000000,0.350600000
LUX,2009,GFCF_VA_SH,49.668000000,0.503320000
LTU,2009,GFCF_VA_SH,63.204000000,0.367960000
SWE,2009,GFCF_VA_SH,60.700000000,0.393000000
SVK,2009,GFCF_VA_SH,57.407000000,0.425930000
POL,2009,GFCF_VA_SH,63.122000000,0.368780000
SVN,2009,GFCF_VA_SH,58.317000000,0.416830000
PRT,2009,GFCF_VA_SH,65.904000000,0.340960000
LVA,2009,GFCF_VA_SH,69.885000000,0.301150000
ESP,2009,GFCF_VA_SH,78.538000000,0.214620000
ITA,2009,GFCF_VA_SH,77.559000000,0.224410000
AUT,2010,GFCF_VA_SH,58.875000000,0.411250000
MLT,2010,GFCF_VA_SH,38.431000000,0.615690000
BEL,2010,GFCF_VA_SH,50.501000000,0.494990000
ROU,2000,GFCF_VA_SH,69.359000000,0.306410000
MLT,2000,GFCF_VA_SH,48.416000000,0.515840000
HRV,2000,GFCF_VA_SH,53.874000000,0.461260000
BGR,2000,GFCF_VA_SH,56.095000000,0.439050000
CYP,2000,GFCF_VA_SH,51.209000000,0.487910000
DNK,2004,GFCF_VA_SH,65.305000000,0.346950000
BEL,2004,GFCF_VA_SH,52.625000000,0.473750000
IRL,2004,GFCF_VA_SH,53.477000000,0.465230000
EST,2004,GFCF_VA_SH,51.653000000,0.483470000
AUT,2004,GFCF_VA_SH,59.993000000,0.400070000
GRC,2004,GFCF_VA_SH,69.044000000,0.309560000
DEU,2004,GFCF_VA_SH,71.883000000,0.281170000
CZE,2004,GFCF_VA_SH,55.644000000,0.443560000
HUN,2004,GFCF_VA_SH,49.138000000,0.508620000
FIN,2004,GFCF_VA_SH,64.951000000,0.350490000
FRA,2004,GFCF_VA_SH,75.765000000,0.242350000
ITA,2004,GFCF_VA_SH,75.469000000,0.245310000
AUT,2005,GFCF_VA_SH,60.726000000,0.392740000
ROU,2005,GFCF_VA_SH,63.620000000,0.363800000
BEL,2005,GFCF_VA_SH,51.503000000,0.484970000
DNK,2007,GFCF_VA_SH,62.092000000,0.379080000
BEL,2007,GFCF_VA_SH,51.205000000,0.487950000
GRC,2007,GFCF_VA_SH,64.328000000,0.356720000
EST,2007,GFCF_VA_SH,53.926000000,0.460740000
FIN,2007,GFCF_VA_SH,63.860000000,0.361400000
CZE,2007,GFCF_VA_SH,55.798000000,0.442020000
HUN,2007,GFCF_VA_SH,43.803000000,0.561970000
AUT,2007,GFCF_VA_SH,59.943000000,0.400570000
DEU,2007,GFCF_VA_SH,69.494000000,0.305060000
FRA,2007,GFCF_VA_SH,74.786000000,0.252140000
CYP,1999,GFCF_VA_SH,53.337000000,0.466630000
BGR,1999,GFCF_VA_SH,54.552000000,0.454480000
HRV,1999,GFCF_VA_SH,56.561000000,0.434390000
SVN,1999,GFCF_VA_SH,53.931000000,0.460690000
POL,1999,GFCF_VA_SH,64.236000000,0.357640000
SVK,1999,GFCF_VA_SH,47.101000000,0.528990000
ESP,1999,GFCF_VA_SH,70.834000000,0.291660000
SWE,1999,GFCF_VA_SH,53.983000000,0.460170000
PRT,1999,GFCF_VA_SH,63.875000000,0.361250000
ESP,2006,GFCF_VA_SH,72.402000000,0.275980000
SVN,2006,GFCF_VA_SH,51.385000000,0.486150000
SWE,2006,GFCF_VA_SH,57.429000000,0.425710000
HRV,2006,GFCF_VA_SH,57.609000000,0.423910000
BGR,2006,GFCF_VA_SH,49.685000000,0.503150000
CYP,2006,GFCF_VA_SH,58.690000000,0.413100000
CYP,2007,GFCF_VA_SH,57.607000000,0.423930000
MLT,2007,GFCF_VA_SH,44.633000000,0.553670000
BGR,2007,GFCF_VA_SH,50.716000000,0.492840000
HRV,2007,GFCF_VA_SH,58.601000000,0.413990000
PRT,2005,GFCF_VA_SH,64.710000000,0.352900000
ITA,2005,GFCF_VA_SH,74.745000000,0.252550000
ESP,2005,GFCF_VA_SH,72.987000000,0.270130000
POL,2005,GFCF_VA_SH,60.649000000,0.393510000
SVK,2005,GFCF_VA_SH,46.884000000,0.531160000
SVN,2005,GFCF_VA_SH,52.346000000,0.476540000
LVA,2005,GFCF_VA_SH,55.572000000,0.444280000
SWE,2005,GFCF_VA_SH,57.895000000,0.421050000
IRL,2005,GFCF_VA_SH,52.767000000,0.472330000
LUX,2005,GFCF_VA_SH,43.607000000,0.563930000
NLD,2005,GFCF_VA_SH,60.582000000,0.394180000
LTU,2005,GFCF_VA_SH,55.442000000,0.445580000
SVK,2004,GFCF_VA_SH,46.439000000,0.535610000
SWE,2004,GFCF_VA_SH,58.958000000,0.410420000
SVN,2004,GFCF_VA_SH,52.901000000,0.470990000
POL,2004,GFCF_VA_SH,58.254000000,0.417460000
ESP,2004,GFCF_VA_SH,72.898000000,0.271020000
PRT,2004,GFCF_VA_SH,64.788000000,0.352120000
FIN,2003,GFCF_VA_SH,65.455000000,0.345450000
FRA,2003,GFCF_VA_SH,75.951000000,0.240490000
PRT,2003,GFCF_VA_SH,66.113000000,0.338870000
ITA,2003,GFCF_VA_SH,76.075000000,0.239250000
ROU,2003,GFCF_VA_SH,66.242000000,0.337580000
GRC,2003,GFCF_VA_SH,68.378000000,0.316220000
POL,2003,GFCF_VA_SH,56.713000000,0.432870000
LVA,2003,GFCF_VA_SH,58.503000000,0.414970000
SVN,2003,GFCF_VA_SH,53.069000000,0.469310000
HUN,2003,GFCF_VA_SH,49.060000000,0.509400000
DEU,2003,GFCF_VA_SH,73.345000000,0.266550000
CZE,2003,GFCF_VA_SH,59.413000000,0.405870000
SVK,2003,GFCF_VA_SH,46.261000000,0.537390000
LUX,2003,GFCF_VA_SH,47.390000000,0.526100000
IRL,2003,GFCF_VA_SH,53.607000000,0.463930000
NLD,2003,GFCF_VA_SH,60.416000000,0.395840000
LTU,2003,GFCF_VA_SH,57.379000000,0.426210000
EST,2003,GFCF_VA_SH,50.143000000,0.498570000
DNK,2003,GFCF_VA_SH,65.343000000,0.346570000
DNK,2006,GFCF_VA_SH,62.353000000,0.376470000
LUX,2006,GFCF_VA_SH,46.788000000,0.532120000
LTU,2006,GFCF_VA_SH,55.844000000,0.441560000
NLD,2006,GFCF_VA_SH,60.529000000,0.394710000
BEL,2006,GFCF_VA_SH,51.904000000,0.480960000
GRC,2006,GFCF_VA_SH,72.128000000,0.278720000
EST,2006,GFCF_VA_SH,52.969000000,0.470310000
IRL,2006,GFCF_VA_SH,53.385000000,0.466150000
CZE,2006,GFCF_VA_SH,55.902000000,0.440980000
LVA,2006,GFCF_VA_SH,56.407000000,0.435930000
DEU,2006,GFCF_VA_SH,69.211000000,0.307890000
AUT,2006,GFCF_VA_SH,60.050000000,0.399500000
FIN,2006,GFCF_VA_SH,64.353000000,0.356470000
HUN,2006,GFCF_VA_SH,47.269000000,0.527310000
POL,2006,GFCF_VA_SH,58.290000000,0.417100000
FRA,2006,GFCF_VA_SH,74.900000000,0.251000000
PRT,2006,GFCF_VA_SH,63.245000000,0.367550000
SVK,2006,GFCF_VA_SH,47.148000000,0.528520000
HUN,2005,GFCF_VA_SH,50.378000000,0.496220000
CZE,2005,GFCF_VA_SH,55.415000000,0.445850000
FIN,2005,GFCF_VA_SH,64.430000000,0.355700000
FRA,2005,GFCF_VA_SH,75.207000000,0.247930000
DEU,2005,GFCF_VA_SH,70.885000000,0.291150000
EST,2005,GFCF_VA_SH,52.366000000,0.476340000
GRC,2005,GFCF_VA_SH,68.131000000,0.318690000
MLT,2005,GFCF_VA_SH,54.045000000,0.459550000
DNK,2005,GFCF_VA_SH,64.490000000,0.355100000
NLD,2007,GFCF_VA_SH,59.609000000,0.403910000
LUX,2007,GFCF_VA_SH,47.559000000,0.524410000
LTU,2007,GFCF_VA_SH,58.690000000,0.413100000
PRT,2007,GFCF_VA_SH,64.026000000,0.359740000
LVA,2007,GFCF_VA_SH,61.058000000,0.389420000
SVN,2007,GFCF_VA_SH,53.271000000,0.467290000
SVK,2007,GFCF_VA_SH,49.232000000,0.507680000
POL,2007,GFCF_VA_SH,58.192000000,0.418080000
ESP,2007,GFCF_VA_SH,71.709000000,0.282910000
SWE,2007,GFCF_VA_SH,57.781000000,0.422190000
ITA,2007,GFCF_VA_SH,72.948000000,0.270520000
ITA,2006,GFCF_VA_SH,73.363000000,0.266370000
MLT,2006,GFCF_VA_SH,48.141000000,0.518590000
ROU,2006,GFCF_VA_SH,63.359000000,0.366410000
LVA,2004,GFCF_VA_SH,57.913000000,0.420870000
HRV,2004,GFCF_VA_SH,54.173000000,0.458270000
ROU,2004,GFCF_VA_SH,63.813000000,0.361870000
MLT,2004,GFCF_VA_SH,55.979000000,0.440210000
LUX,2004,GFCF_VA_SH,45.359000000,0.546410000
LTU,2004,GFCF_VA_SH,55.652000000,0.443480000
NLD,2004,GFCF_VA_SH,60.426000000,0.395740000
CYP,2004,GFCF_VA_SH,56.486000000,0.435140000
CYP,2005,GFCF_VA_SH,59.713000000,0.402870000
BGR,2005,GFCF_VA_SH,47.565000000,0.524350000
HRV,2005,GFCF_VA_SH,55.500000000,0.445000000
ESP,2003,GFCF_VA_SH,73.549000000,0.264510000
MLT,2003,GFCF_VA_SH,58.182000000,0.418180000
SWE,2003,GFCF_VA_SH,58.131000000,0.418690000
SVK,1996,GFCF_VA_SH,45.750000000,0.542500000
ESP,1996,GFCF_VA_SH,75.001000000,0.249990000
POL,1996,GFCF_VA_SH,69.167000000,0.308330000
SVN,1996,GFCF_VA_SH,56.639000000,0.433610000
SWE,1996,GFCF_VA_SH,57.291000000,0.427090000
PRT,1996,GFCF_VA_SH,65.912000000,0.340880000
ROU,2001,GFCF_VA_SH,66.726000000,0.332740000
HRV,2001,GFCF_VA_SH,53.874000000,0.461260000
MLT,2001,GFCF_VA_SH,55.986000000,0.440140000
BGR,2001,GFCF_VA_SH,55.678000000,0.443220000
CYP,2001,GFCF_VA_SH,51.970000000,0.480300000
MLT,1999,GFCF_VA_SH,50.720000000,0.492800000
ROU,1999,GFCF_VA_SH,64.439000000,0.355610000
FRA,2000,GFCF_VA_SH,74.296000000,0.257040000
FIN,2000,GFCF_VA_SH,65.313000000,0.346870000
ITA,2000,GFCF_VA_SH,72.933000000,0.270670000
DEU,2000,GFCF_VA_SH,71.924000000,0.280760000
CZE,2000,GFCF_VA_SH,53.757000000,0.462430000
HUN,2000,GFCF_VA_SH,44.914000000,0.550860000
AUT,2000,GFCF_VA_SH,57.555000000,0.424450000
IRL,2000,GFCF_VA_SH,52.226000000,0.477740000
BEL,2000,GFCF_VA_SH,51.003000000,0.489970000
GRC,2000,GFCF_VA_SH,64.436000000,0.355640000
EST,2000,GFCF_VA_SH,52.000000000,0.480000000
DNK,2000,GFCF_VA_SH,63.641000000,0.363590000
DNK,2002,GFCF_VA_SH,64.007000000,0.359930000
BEL,2002,GFCF_VA_SH,52.425000000,0.475750000
EST,2002,GFCF_VA_SH,50.304000000,0.496960000
AUT,2002,GFCF_VA_SH,59.756000000,0.402440000
GRC,2002,GFCF_VA_SH,67.531000000,0.324690000
DEU,2002,GFCF_VA_SH,73.525000000,0.264750000
CZE,2002,GFCF_VA_SH,57.960000000,0.420400000
FRA,2002,GFCF_VA_SH,75.331000000,0.246690000
FIN,2002,GFCF_VA_SH,66.072000000,0.339280000
HUN,2002,GFCF_VA_SH,49.378000000,0.506220000
FIN,2001,GFCF_VA_SH,66.459000000,0.335410000
FRA,2001,GFCF_VA_SH,74.409000000,0.255910000
PRT,2001,GFCF_VA_SH,64.084000000,0.359160000
ITA,2001,GFCF_VA_SH,73.465000000,0.265350000
SVN,2001,GFCF_VA_SH,51.662000000,0.483380000
DEU,2001,GFCF_VA_SH,72.282000000,0.277180000
POL,2001,GFCF_VA_SH,63.680000000,0.363200000
ESP,2001,GFCF_VA_SH,70.949000000,0.290510000
LVA,2001,GFCF_VA_SH,51.150000000,0.488500000
GRC,2001,GFCF_VA_SH,66.541000000,0.334590000
SWE,2001,GFCF_VA_SH,55.659000000,0.443410000
HUN,2001,GFCF_VA_SH,46.933000000,0.530670000
SVK,2001,GFCF_VA_SH,43.271000000,0.567290000
IRL,2001,GFCF_VA_SH,51.185000000,0.488150000
CZE,2001,GFCF_VA_SH,54.082000000,0.459180000
EST,2001,GFCF_VA_SH,52.339000000,0.476610000
AUT,2001,GFCF_VA_SH,57.512000000,0.424880000
LUX,2001,GFCF_VA_SH,42.875000000,0.571250000
LTU,2001,GFCF_VA_SH,57.048000000,0.429520000
BEL,2001,GFCF_VA_SH,51.052000000,0.489480000
NLD,2001,GFCF_VA_SH,63.602000000,0.363980000
DNK,2001,GFCF_VA_SH,63.955000000,0.360450000
CYP,1998,GFCF_VA_SH,53.994000000,0.460060000
MLT,1998,GFCF_VA_SH,51.688000000,0.483120000
ROU,1998,GFCF_VA_SH,66.466000000,0.335340000
BGR,1998,GFCF_VA_SH,63.443000000,0.365570000
HRV,1998,GFCF_VA_SH,57.357000000,0.426430000
AUT,2003,GFCF_VA_SH,60.668000000,0.393320000
BEL,2003,GFCF_VA_SH,53.707000000,0.462930000
BGR,2003,GFCF_VA_SH,52.029000000,0.479710000
HRV,2003,GFCF_VA_SH,54.140000000,0.458600000
CYP,2003,GFCF_VA_SH,55.614000000,0.443860000
PRT,1995,GFCF_VA_SH,66.546000000,0.334540000
ESP,1995,GFCF_VA_SH,75.736000000,0.242640000
SWE,1995,GFCF_VA_SH,56.086000000,0.439140000
SVN,1995,GFCF_VA_SH,54.323000000,0.456770000
SVK,1995,GFCF_VA_SH,44.578000000,0.554220000
HRV,1995,GFCF_VA_SH,59.351000000,0.406490000
ROU,1995,GFCF_VA_SH,69.878000000,0.301220000
BGR,1995,GFCF_VA_SH,64.777000000,0.352230000
MLT,1995,GFCF_VA_SH,50.244000000,0.497560000
CYP,1995,GFCF_VA_SH,54.037000000,0.459630000
LUX,1999,GFCF_VA_SH,45.270000000,0.547300000
EST,1999,GFCF_VA_SH,43.490000000,0.565100000
DNK,1999,GFCF_VA_SH,66.000000000,0.340000000
NLD,1999,GFCF_VA_SH,58.825000000,0.411750000
LTU,1999,GFCF_VA_SH,61.061000000,0.389390000
BEL,1999,GFCF_VA_SH,54.285000000,0.457150000
GRC,1999,GFCF_VA_SH,67.327000000,0.326730000
LVA,1999,GFCF_VA_SH,50.836000000,0.491640000
IRL,1999,GFCF_VA_SH,51.536000000,0.484640000
AUT,1999,GFCF_VA_SH,60.355000000,0.396450000
DEU,1999,GFCF_VA_SH,74.440000000,0.255600000
CZE,1999,GFCF_VA_SH,58.627000000,0.413730000
HUN,1999,GFCF_VA_SH,47.075000000,0.529250000
ITA,1999,GFCF_VA_SH,75.755000000,0.242450000
FIN,1999,GFCF_VA_SH,65.606000000,0.343940000
FRA,1999,GFCF_VA_SH,76.041000000,0.239590000
ROU,2019,CONS_VA_SH,73.244000000,0.267560000
HRV,2019,CONS_VA_SH,66.957000000,0.330430000
CYP,2019,CONS_VA_SH,65.256000000,0.347440000
MLT,2019,CONS_VA_SH,55.080000000,0.449200000
AUT,2020,CONS_VA_SH,73.256000000,0.267440000
FRA,2020,CONS_VA_SH,80.671000000,0.193290000
BGR,2020,CONS_VA_SH,68.207000000,0.317930000
HRV,2020,CONS_VA_SH,68.881000000,0.311190000
ROU,2020,CONS_VA_SH,74.058000000,0.259420000
CZE,2020,CONS_VA_SH,71.144000000,0.288560000
FIN,2020,CONS_VA_SH,77.660000000,0.223400000
DNK,2020,CONS_VA_SH,74.943000000,0.250570000
EST,2020,CONS_VA_SH,65.527000000,0.344730000
CYP,2020,CONS_VA_SH,62.231000000,0.377690000
MLT,2020,CONS_VA_SH,51.510000000,0.484900000
BEL,2020,CONS_VA_SH,69.825000000,0.301750000
DEU,2020,CONS_VA_SH,78.423000000,0.215770000
LVA,1996,GFCF_VA_SH,52.100000000,0.479000000
CZE,1996,GFCF_VA_SH,61.808000000,0.381920000
DEU,1996,GFCF_VA_SH,78.683000000,0.213170000
ITA,1996,GFCF_VA_SH,78.723000000,0.212770000
FIN,1996,GFCF_VA_SH,62.763000000,0.372370000
FRA,1996,GFCF_VA_SH,77.136000000,0.228640000
NLD,1996,GFCF_VA_SH,58.242000000,0.417580000
GRC,1996,GFCF_VA_SH,71.740000000,0.282600000
IRL,1996,GFCF_VA_SH,54.043000000,0.459570000
HUN,1996,GFCF_VA_SH,54.407000000,0.455930000
AUT,1996,GFCF_VA_SH,62.543000000,0.374570000
EST,1996,GFCF_VA_SH,39.858000000,0.601420000
BEL,1996,GFCF_VA_SH,54.500000000,0.455000000
DNK,1996,GFCF_VA_SH,66.452000000,0.335480000
LUX,1996,GFCF_VA_SH,51.859000000,0.481410000
LTU,1996,GFCF_VA_SH,57.063000000,0.429370000
ROU,1997,GFCF_VA_SH,64.645000000,0.353550000
MLT,1997,GFCF_VA_SH,52.205000000,0.477950000
BEL,1998,GFCF_VA_SH,53.924000000,0.460760000
EST,1998,GFCF_VA_SH,40.487000000,0.595130000
DNK,1998,GFCF_VA_SH,66.045000000,0.339550000
AUT,1998,GFCF_VA_SH,60.938000000,0.390620000
IRL,1998,GFCF_VA_SH,50.264000000,0.497360000
GRC,1998,GFCF_VA_SH,68.500000000,0.315000000
HUN,1998,GFCF_VA_SH,49.277000000,0.507230000
CZE,1998,GFCF_VA_SH,60.495000000,0.395050000
DEU,1998,GFCF_VA_SH,75.956000000,0.240440000
FIN,1998,GFCF_VA_SH,64.726000000,0.352740000
ITA,1998,GFCF_VA_SH,76.280000000,0.237200000
PRT,2000,GFCF_VA_SH,62.687000000,0.373130000
POL,2000,GFCF_VA_SH,60.858000000,0.391420000
SVN,2000,GFCF_VA_SH,51.844000000,0.481560000
SWE,2000,GFCF_VA_SH,53.439000000,0.465610000
ESP,2000,GFCF_VA_SH,68.956000000,0.310440000
SVK,2000,GFCF_VA_SH,49.720000000,0.502800000
LVA,2000,GFCF_VA_SH,52.100000000,0.479000000
LTU,2000,GFCF_VA_SH,58.572000000,0.414280000
LUX,2000,GFCF_VA_SH,44.017000000,0.559830000
NLD,2000,GFCF_VA_SH,59.942000000,0.400580000
NLD,2019,CONS_VA_SH,72.383000000,0.276170000
FIN,2021,CONS_VA_SH,76.277000000,0.237230000
LVA,2021,CONS_VA_SH,65.328000000,0.346720000
SWE,2021,CONS_VA_SH,76.429000000,0.235710000
ITA,2021,CONS_VA_SH,79.800000000,0.202000000
FRA,2021,CONS_VA_SH,79.108000000,0.208920000
ESP,2021,CONS_VA_SH,79.601000000,0.203990000
PRT,2021,CONS_VA_SH,72.413000000,0.275870000
HUN,2021,CONS_VA_SH,65.066000000,0.349340000
SVK,2021,CONS_VA_SH,64.992000000,0.350080000
LTU,2021,CONS_VA_SH,61.109000000,0.388910000
BGR,2021,CONS_VA_SH,67.098000000,0.329020000
AUT,2021,CONS_VA_SH,71.100000000,0.289000000
GRC,2021,CONS_VA_SH,74.684000000,0.253160000
CZE,2021,CONS_VA_SH,69.765000000,0.302350000
POL,2021,CONS_VA_SH,68.509000000,0.314910000
DEU,2021,CONS_VA_SH,77.316000000,0.226840000
SVN,2021,CONS_VA_SH,62.865000000,0.371350000
IRL,2021,CONS_VA_SH,56.492000000,0.435080000
EST,2021,CONS_VA_SH,61.770000000,0.382300000
DNK,2021,CONS_VA_SH,73.511000000,0.264890000
BEL,2021,CONS_VA_SH,67.544000000,0.324560000
NLD,2021,CONS_VA_SH,71.334000000,0.286660000
LUX,2021,CONS_VA_SH,56.835000000,0.431650000
FRA,1998,GFCF_VA_SH,76.048000000,0.239520000
HRV,2022,CONS_VA_SH,62.835000000,0.371650000
LVA,2022,CONS_VA_SH,61.177000000,0.388230000
SWE,2022,CONS_VA_SH,73.340000000,0.266600000
ITA,2022,CONS_VA_SH,75.468000000,0.245320000
SVK,2022,CONS_VA_SH,62.503000000,0.374970000
ESP,2022,CONS_VA_SH,76.646000000,0.233540000
HUN,2022,CONS_VA_SH,62.880000000,0.371200000
PRT,2022,CONS_VA_SH,68.519000000,0.314810000
BGR,2022,CONS_VA_SH,64.573000000,0.354270000
LTU,2022,CONS_VA_SH,58.375000000,0.416250000
IRL,2022,CONS_VA_SH,58.598000000,0.414020000
SVN,2022,CONS_VA_SH,57.807000000,0.421930000
POL,2022,CONS_VA_SH,66.134000000,0.338660000
NLD,2022,CONS_VA_SH,71.607000000,0.283930000
CYP,2022,CONS_VA_SH,58.443000000,0.415570000
LUX,2022,CONS_VA_SH,57.143000000,0.428570000
MLT,2022,CONS_VA_SH,53.039000000,0.469610000
LUX,2018,CONS_VA_SH,58.502000000,0.414980000
LTU,2018,CONS_VA_SH,62.809000000,0.371910000
SVN,2018,CONS_VA_SH,63.274000000,0.367260000
NLD,2018,CONS_VA_SH,71.990000000,0.280100000
POL,2018,CONS_VA_SH,70.598000000,0.294020000
SVK,2018,CONS_VA_SH,65.352000000,0.346480000
PRT,2018,CONS_VA_SH,73.666000000,0.263340000
LVA,2018,CONS_VA_SH,66.298000000,0.337020000
ESP,2018,CONS_VA_SH,80.431000000,0.195690000
SWE,2018,CONS_VA_SH,77.513000000,0.224870000
FRA,1997,GFCF_VA_SH,76.017000000,0.239830000
FIN,1997,GFCF_VA_SH,63.139000000,0.368610000
PRT,1997,GFCF_VA_SH,64.638000000,0.353620000
ITA,1997,GFCF_VA_SH,77.639000000,0.223610000
ESP,1997,GFCF_VA_SH,72.766000000,0.272340000
LUX,1997,GFCF_VA_SH,48.650000000,0.513500000
POL,1997,GFCF_VA_SH,65.400000000,0.346000000
GRC,1997,GFCF_VA_SH,72.468000000,0.275320000
CZE,1997,GFCF_VA_SH,60.179000000,0.398210000
SWE,1997,GFCF_VA_SH,55.152000000,0.448480000
SVK,1997,GFCF_VA_SH,44.500000000,0.555000000
IRL,1997,GFCF_VA_SH,53.435000000,0.465650000
DEU,1997,GFCF_VA_SH,76.979000000,0.230210000
SVN,1997,GFCF_VA_SH,53.303000000,0.466970000
HUN,1997,GFCF_VA_SH,52.691000000,0.473090000
DNK,1997,GFCF_VA_SH,66.132000000,0.338680000
LVA,1997,GFCF_VA_SH,51.048000000,0.489520000
HRV,1997,GFCF_VA_SH,56.176000000,0.438240000
NLD,1997,GFCF_VA_SH,57.858000000,0.421420000
EST,1997,GFCF_VA_SH,38.171000000,0.618290000
LTU,1997,GFCF_VA_SH,55.373000000,0.446270000
BGR,1997,GFCF_VA_SH,55.073000000,0.449270000
CYP,1997,GFCF_VA_SH,52.969000000,0.470310000
ROU,2021,CONS_VA_SH,72.074000000,0.279260000
HRV,2021,CONS_VA_SH,67.176000000,0.328240000
CYP,2021,CONS_VA_SH,60.996000000,0.390040000
MLT,2021,CONS_VA_SH,55.165000000,0.448350000
GRC,2022,CONS_VA_SH,71.374000000,0.286260000
FIN,2022,CONS_VA_SH,73.611000000,0.263890000
FRA,2022,CONS_VA_SH,76.093000000,0.239070000
CZE,2022,CONS_VA_SH,67.501000000,0.324990000
AUT,2022,CONS_VA_SH,68.932000000,0.310680000
EST,2022,CONS_VA_SH,60.601000000,0.393990000
DEU,2022,CONS_VA_SH,73.935000000,0.260650000
BEL,2022,CONS_VA_SH,64.685000000,0.353150000
DNK,2022,CONS_VA_SH,70.869000000,0.291310000
BEL,1997,GFCF_VA_SH,53.939000000,0.460610000
AUT,1997,GFCF_VA_SH,61.021000000,0.389790000
HRV,1996,GFCF_VA_SH,59.229000000,0.407710000
ROU,1996,GFCF_VA_SH,66.736000000,0.332640000
MLT,1996,GFCF_VA_SH,49.817000000,0.501830000
BGR,1996,GFCF_VA_SH,53.662000000,0.463380000
CYP,1996,GFCF_VA_SH,54.127000000,0.458730000
ROU,2022,CONS_VA_SH,69.997000000,0.300030000
SWE,2020,CONS_VA_SH,78.347000000,0.216530000
ITA,2020,CONS_VA_SH,81.468000000,0.185320000
PRT,2020,CONS_VA_SH,74.818000000,0.251820000
LVA,2020,CONS_VA_SH,67.927000000,0.320730000
ESP,2020,CONS_VA_SH,81.649000000,0.183510000
HUN,2020,CONS_VA_SH,64.787000000,0.352130000
SVK,2020,CONS_VA_SH,66.294000000,0.337060000
POL,2020,CONS_VA_SH,70.807000000,0.291930000
LTU,2020,CONS_VA_SH,64.327000000,0.356730000
SVN,2020,CONS_VA_SH,66.822000000,0.331780000
NLD,2020,CONS_VA_SH,72.274000000,0.277260000
GRC,2020,CONS_VA_SH,77.245000000,0.227550000
LUX,2020,CONS_VA_SH,59.981000000,0.400190000
IRL,2020,CONS_VA_SH,57.263000000,0.427370000
IRL,2017,CONS_VA_SH,59.553000000,0.404470000
LUX,2017,CONS_VA_SH,58.538000000,0.414620000
GRC,2017,CONS_VA_SH,78.068000000,0.219320000
LTU,2017,CONS_VA_SH,63.379000000,0.366210000
NLD,2017,CONS_VA_SH,72.287000000,0.277130000
DEU,2017,CONS_VA_SH,77.986000000,0.220140000
ITA,2017,CONS_VA_SH,80.589000000,0.194110000
HUN,2017,CONS_VA_SH,65.100000000,0.349000000
LVA,2017,CONS_VA_SH,67.031000000,0.329690000
POL,1995,GFCF_VA_SH,71.540000000,0.284600000
FRA,1995,GFCF_VA_SH,78.201000000,0.217990000
FIN,1995,GFCF_VA_SH,63.523000000,0.364770000
DEU,1995,GFCF_VA_SH,79.899000000,0.201010000
CZE,1995,GFCF_VA_SH,59.742000000,0.402580000
GRC,1995,GFCF_VA_SH,72.549000000,0.274510000
ITA,1995,GFCF_VA_SH,76.975000000,0.230250000
LVA,1995,GFCF_VA_SH,54.768000000,0.452320000
AUT,1995,GFCF_VA_SH,62.721000000,0.372790000
IRL,1995,GFCF_VA_SH,54.806000000,0.451940000
HUN,1995,GFCF_VA_SH,56.495000000,0.435050000
EST,1995,GFCF_VA_SH,38.855000000,0.611450000
LUX,1995,GFCF_VA_SH,52.830000000,0.471700000
DNK,1995,GFCF_VA_SH,65.758000000,0.342420000
BEL,1995,GFCF_VA_SH,56.573000000,0.434270000
LTU,1995,GFCF_VA_SH,56.724000000,0.432760000
NLD,1995,GFCF_VA_SH,58.135000000,0.418650000
PRT,1998,GFCF_VA_SH,63.982000000,0.360180000
LVA,1998,GFCF_VA_SH,48.855000000,0.511450000
SVK,1998,GFCF_VA_SH,46.305000000,0.536950000
SWE,1998,GFCF_VA_SH,54.080000000,0.459200000
ESP,1998,GFCF_VA_SH,71.481000000,0.285190000
POL,1998,GFCF_VA_SH,63.308000000,0.366920000
SVN,1998,GFCF_VA_SH,52.874000000,0.471260000
LTU,1998,GFCF_VA_SH,57.279000000,0.427210000
NLD,1998,GFCF_VA_SH,59.118000000,0.408820000
LUX,1998,GFCF_VA_SH,47.424000000,0.525760000
SVN,2019,CONS_VA_SH,62.994000000,0.370060000
BGR,2019,CONS_VA_SH,66.999000000,0.330010000
SVK,2019,CONS_VA_SH,65.423000000,0.345770000
PRT,2019,CONS_VA_SH,73.499000000,0.265010000
POL,2019,CONS_VA_SH,70.801000000,0.291990000
ESP,2019,CONS_VA_SH,80.561000000,0.194390000
SWE,2019,CONS_VA_SH,77.454000000,0.225460000
HRV,2018,CONS_VA_SH,68.201000000,0.317990000
BGR,2018,CONS_VA_SH,67.765000000,0.322350000
CYP,2018,CONS_VA_SH,65.367000000,0.346330000
CYP,2015,CONS_VA_SH,66.604000000,0.333960000
MLT,2015,CONS_VA_SH,56.320000000,0.436800000
HRV,2015,CONS_VA_SH,70.824000000,0.291760000
ROU,2015,CONS_VA_SH,75.521000000,0.244790000
ROU,2016,CONS_VA_SH,74.319000000,0.256810000
BGR,2011,CONS_VA_SH,68.636000000,0.313640000
BGR,2017,CONS_VA_SH,67.200000000,0.328000000
SVN,2017,CONS_VA_SH,63.446000000,0.365540000
PRT,2017,CONS_VA_SH,73.998000000,0.260020000
SVK,2017,CONS_VA_SH,65.977000000,0.340230000
ESP,2017,CONS_VA_SH,80.200000000,0.198000000
SWE,2017,CONS_VA_SH,78.187000000,0.218130000
POL,2017,CONS_VA_SH,71.039000000,0.289610000
ROU,2014,CONS_VA_SH,76.519000000,0.234810000
CYP,2016,CONS_VA_SH,66.073000000,0.339270000
MLT,2016,CONS_VA_SH,57.448000000,0.425520000
BGR,2016,CONS_VA_SH,67.900000000,0.321000000
HRV,2016,CONS_VA_SH,72.771000000,0.272290000
FIN,2019,CONS_VA_SH,76.286000000,0.237140000
LVA,2019,CONS_VA_SH,66.888000000,0.331120000
DEU,2019,CONS_VA_SH,77.293000000,0.227070000
HUN,2019,CONS_VA_SH,65.118000000,0.348820000
ITA,2019,CONS_VA_SH,80.406000000,0.195940000
CZE,2019,CONS_VA_SH,68.873000000,0.311270000
FRA,2019,CONS_VA_SH,79.878000000,0.201220000
AUT,2019,CONS_VA_SH,72.740000000,0.272600000
EST,2019,CONS_VA_SH,65.203000000,0.347970000
LTU,2019,CONS_VA_SH,62.778000000,0.372220000
BEL,2019,CONS_VA_SH,69.184000000,0.308160000
GRC,2019,CONS_VA_SH,76.573000000,0.234270000
LUX,2019,CONS_VA_SH,58.552000000,0.414480000
DNK,2019,CONS_VA_SH,74.769000000,0.252310000
IRL,2019,CONS_VA_SH,55.015000000,0.449850000
MLT,2011,CONS_VA_SH,58.000000000,0.420000000
ROU,2011,CONS_VA_SH,76.440000000,0.235600000
DEU,2014,CONS_VA_SH,78.151000000,0.218490000
HRV,2014,CONS_VA_SH,72.815000000,0.271850000
FIN,2014,CONS_VA_SH,76.883000000,0.231170000
FRA,2014,CONS_VA_SH,80.032000000,0.199680000
AUT,2014,CONS_VA_SH,72.829000000,0.271710000
CZE,2014,CONS_VA_SH,66.005000000,0.339950000
BGR,2014,CONS_VA_SH,66.007000000,0.339930000
EST,2014,CONS_VA_SH,63.583000000,0.364170000
CYP,2014,CONS_VA_SH,65.235000000,0.347650000
BEL,2014,CONS_VA_SH,68.903000000,0.310970000
MLT,2014,CONS_VA_SH,59.744000000,0.402560000
DNK,2014,CONS_VA_SH,76.270000000,0.237300000
IRL,2016,CONS_VA_SH,57.729000000,0.422710000
LUX,2016,CONS_VA_SH,59.110000000,0.408900000
SVN,2016,CONS_VA_SH,64.420000000,0.355800000
LTU,2016,CONS_VA_SH,64.471000000,0.355290000
NLD,2016,CONS_VA_SH,72.860000000,0.271400000
POL,2016,CONS_VA_SH,71.348000000,0.286520000
LVA,2016,CONS_VA_SH,68.264000000,0.317360000
HUN,2016,CONS_VA_SH,65.979000000,0.340210000
SVK,2016,CONS_VA_SH,66.926000000,0.330740000
ITA,2016,CONS_VA_SH,81.624000000,0.183760000
PRT,2016,CONS_VA_SH,74.882000000,0.251180000
ESP,2016,CONS_VA_SH,81.291000000,0.187090000
SWE,2016,CONS_VA_SH,78.610000000,0.213900000
FIN,2018,CONS_VA_SH,76.133000000,0.238670000
ITA,2018,CONS_VA_SH,80.009000000,0.199910000
FRA,2018,CONS_VA_SH,79.322000000,0.206780000
HUN,2018,CONS_VA_SH,65.179000000,0.348210000
DEU,2018,CONS_VA_SH,77.450000000,0.225500000
AUT,2018,CONS_VA_SH,72.639000000,0.273610000
CZE,2018,CONS_VA_SH,67.825000000,0.321750000
EST,2018,CONS_VA_SH,65.334000000,0.346660000
BEL,2018,CONS_VA_SH,68.426000000,0.315740000
GRC,2018,CONS_VA_SH,76.848000000,0.231520000
IRL,2018,CONS_VA_SH,59.083000000,0.409170000
DNK,2018,CONS_VA_SH,75.092000000,0.249080000
DNK,2012,CONS_VA_SH,75.889000000,0.241110000
EST,2012,CONS_VA_SH,61.552000000,0.384480000
CZE,2012,CONS_VA_SH,67.187000000,0.328130000
FIN,2012,CONS_VA_SH,76.097000000,0.239030000
FRA,2012,CONS_VA_SH,80.180000000,0.198200000
SVN,2013,CONS_VA_SH,63.886000000,0.361140000
BGR,2013,CONS_VA_SH,66.199000000,0.338010000
SVK,2013,CONS_VA_SH,68.127000000,0.318730000
POL,2013,CONS_VA_SH,73.112000000,0.268880000
PRT,2013,CONS_VA_SH,75.684000000,0.243160000
SWE,2013,CONS_VA_SH,78.531000000,0.214690000
ESP,2013,CONS_VA_SH,81.946000000,0.180540000
ESP,2014,CONS_VA_SH,81.281000000,0.187190000
SWE,2014,CONS_VA_SH,78.450000000,0.215500000
HUN,2014,CONS_VA_SH,65.685000000,0.343150000
ITA,2014,CONS_VA_SH,82.035000000,0.179650000
PRT,2014,CONS_VA_SH,74.789000000,0.252110000
SVK,2014,CONS_VA_SH,68.434000000,0.315660000
POL,2014,CONS_VA_SH,72.538000000,0.274620000
LVA,2014,CONS_VA_SH,66.157000000,0.338430000
NLD,2014,CONS_VA_SH,77.378000000,0.226220000
LTU,2014,CONS_VA_SH,65.122000000,0.348780000
GRC,2014,CONS_VA_SH,78.784000000,0.212160000
SVN,2014,CONS_VA_SH,64.538000000,0.354620000
LUX,2014,CONS_VA_SH,59.450000000,0.405500000
IRL,2014,CONS_VA_SH,61.841000000,0.381590000
MLT,2017,CONS_VA_SH,59.105000000,0.408950000
CYP,2017,CONS_VA_SH,64.393000000,0.356070000
HRV,2017,CONS_VA_SH,73.236000000,0.267640000
ROU,2017,CONS_VA_SH,73.497000000,0.265030000
ROU,2018,CONS_VA_SH,74.334000000,0.256660000
MLT,2018,CONS_VA_SH,56.755000000,0.432450000
GRC,2016,CONS_VA_SH,79.142000000,0.208580000
FIN,2016,CONS_VA_SH,77.118000000,0.228820000
DEU,2016,CONS_VA_SH,78.239000000,0.217610000
AUT,2016,CONS_VA_SH,73.823000000,0.261770000
CZE,2016,CONS_VA_SH,66.882000000,0.331180000
FRA,2016,CONS_VA_SH,79.853000000,0.201470000
EST,2016,CONS_VA_SH,64.389000000,0.356110000
BEL,2016,CONS_VA_SH,69.936000000,0.300640000
DNK,2016,CONS_VA_SH,76.602000000,0.233980000
BGR,2009,CONS_VA_SH,70.890000000,0.291100000
FIN,2015,CONS_VA_SH,77.029000000,0.229710000
ESP,2015,CONS_VA_SH,81.174000000,0.188260000
SVK,2015,CONS_VA_SH,66.939000000,0.330610000
LVA,2015,CONS_VA_SH,67.509000000,0.324910000
ITA,2015,CONS_VA_SH,81.245000000,0.187550000
PRT,2015,CONS_VA_SH,74.657000000,0.253430000
SWE,2015,CONS_VA_SH,78.271000000,0.217290000
HUN,2015,CONS_VA_SH,65.586000000,0.344140000
AUT,2015,CONS_VA_SH,73.624000000,0.263760000
POL,2015,CONS_VA_SH,72.638000000,0.273620000
GRC,2015,CONS_VA_SH,78.861000000,0.211390000
DEU,2015,CONS_VA_SH,77.999000000,0.220010000
FRA,2015,CONS_VA_SH,79.768000000,0.202320000
LTU,2015,CONS_VA_SH,63.643000000,0.363570000
CZE,2015,CONS_VA_SH,66.516000000,0.334840000
BGR,2015,CONS_VA_SH,66.650000000,0.333500000
SVN,2015,CONS_VA_SH,64.606000000,0.353940000
EST,2015,CONS_VA_SH,64.386000000,0.356140000
NLD,2015,CONS_VA_SH,71.858000000,0.281420000
IRL,2015,CONS_VA_SH,59.298000000,0.407020000
BEL,2015,CONS_VA_SH,69.043000000,0.309570000
LUX,2015,CONS_VA_SH,59.493000000,0.405070000
DNK,2015,CONS_VA_SH,76.265000000,0.237350000
MLT,2013,CONS_VA_SH,58.558000000,0.414420000
DNK,2013,CONS_VA_SH,76.064000000,0.239360000
LUX,2013,CONS_VA_SH,58.158000000,0.418420000
BEL,2013,CONS_VA_SH,68.575000000,0.314250000
EST,2013,CONS_VA_SH,62.105000000,0.378950000
CYP,2013,CONS_VA_SH,67.790000000,0.322100000
NLD,2013,CONS_VA_SH,76.789000000,0.232110000
IRL,2013,CONS_VA_SH,62.913000000,0.370870000
CZE,2013,CONS_VA_SH,67.120000000,0.328800000
LTU,2013,CONS_VA_SH,62.915000000,0.370850000
DEU,2013,CONS_VA_SH,77.691000000,0.223090000
FRA,2013,CONS_VA_SH,80.089000000,0.199110000
AUT,2013,CONS_VA_SH,72.101000000,0.278990000
HUN,2013,CONS_VA_SH,66.194000000,0.338060000
GRC,2013,CONS_VA_SH,78.954000000,0.210460000
LVA,2013,CONS_VA_SH,65.776000000,0.342240000
FIN,2013,CONS_VA_SH,76.197000000,0.238030000
ITA,2013,CONS_VA_SH,81.807000000,0.181930000
HRV,2013,CONS_VA_SH,73.647000000,0.263530000
ROU,2013,CONS_VA_SH,76.281000000,0.237190000
FRA,2017,CONS_VA_SH,79.489000000,0.205110000
FIN,2017,CONS_VA_SH,76.815000000,0.231850000
AUT,2017,CONS_VA_SH,73.188000000,0.268120000
CZE,2017,CONS_VA_SH,67.165000000,0.328350000
EST,2017,CONS_VA_SH,65.130000000,0.348700000
BEL,2017,CONS_VA_SH,69.028000000,0.309720000
DNK,2017,CONS_VA_SH,75.978000000,0.240220000
SWE,2010,CONS_VA_SH,78.385000000,0.216150000
DEU,2012,CONS_VA_SH,77.584000000,0.224160000
GRC,2012,CONS_VA_SH,78.548000000,0.214520000
HUN,2012,CONS_VA_SH,66.035000000,0.339650000
IRL,2012,CONS_VA_SH,62.561000000,0.374390000
ITA,2012,CONS_VA_SH,81.170000000,0.188300000
LVA,2012,CONS_VA_SH,65.246000000,0.347540000
LTU,2012,CONS_VA_SH,63.912000000,0.360880000
LUX,2012,CONS_VA_SH,57.890000000,0.421100000
NLD,2012,CONS_VA_SH,77.026000000,0.229740000
POL,2012,CONS_VA_SH,73.144000000,0.268560000
PRT,2012,CONS_VA_SH,75.430000000,0.245700000
SVK,2012,CONS_VA_SH,68.513000000,0.314870000
SVN,2012,CONS_VA_SH,63.060000000,0.369400000
ESP,2012,CONS_VA_SH,81.389000000,0.186110000
SWE,2012,CONS_VA_SH,78.011000000,0.219890000
BGR,2012,CONS_VA_SH,66.141000000,0.338590000
HRV,2012,CONS_VA_SH,74.985000000,0.250150000
CYP,2012,CONS_VA_SH,69.824000000,0.301760000
MLT,2012,CONS_VA_SH,55.997000000,0.440030000
ROU,2012,CONS_VA_SH,75.925000000,0.240750000
ROU,2006,CONS_VA_SH,76.882000000,0.231180000
HRV,2006,CONS_VA_SH,72.399000000,0.276010000
BGR,2006,CONS_VA_SH,68.242000000,0.317580000
MLT,2006,CONS_VA_SH,59.301000000,0.406990000
CYP,2006,CONS_VA_SH,67.676000000,0.323240000
AUT,2007,CONS_VA_SH,74.008000000,0.259920000
BEL,2007,CONS_VA_SH,70.392000000,0.296080000
CZE,2007,CONS_VA_SH,69.351000000,0.306490000
DNK,2007,CONS_VA_SH,75.516000000,0.244840000
EST,2007,CONS_VA_SH,64.484000000,0.355160000
FIN,2007,CONS_VA_SH,76.700000000,0.233000000
FRA,2007,CONS_VA_SH,81.522000000,0.184780000
DEU,2007,CONS_VA_SH,79.472000000,0.205280000
GRC,2007,CONS_VA_SH,77.605000000,0.223950000
HUN,2007,CONS_VA_SH,65.505000000,0.344950000
IRL,2007,CONS_VA_SH,63.713000000,0.362870000
ITA,2007,CONS_VA_SH,80.755000000,0.192450000
LVA,2007,CONS_VA_SH,69.555000000,0.304450000
LTU,2007,CONS_VA_SH,69.087000000,0.309130000
LUX,2007,CONS_VA_SH,60.719000000,0.392810000
NLD,2007,CONS_VA_SH,73.930000000,0.260700000
POL,2007,CONS_VA_SH,75.482000000,0.245180000
PRT,2007,CONS_VA_SH,74.685000000,0.253150000
SVK,2007,CONS_VA_SH,65.526000000,0.344740000
SVN,2007,CONS_VA_SH,64.794000000,0.352060000
ESP,2007,CONS_VA_SH,79.697000000,0.203030000
SWE,2007,CONS_VA_SH,77.153000000,0.228470000
BGR,2007,CONS_VA_SH,65.989000000,0.340110000
HRV,2007,CONS_VA_SH,72.635000000,0.273650000
CYP,2007,CONS_VA_SH,66.354000000,0.336460000
MLT,2007,CONS_VA_SH,59.329000000,0.406710000
ROU,2007,CONS_VA_SH,75.637000000,0.243630000
HRV,2010,CONS_VA_SH,77.509000000,0.224910000
BGR,2010,CONS_VA_SH,69.831000000,0.301690000
CYP,2010,CONS_VA_SH,69.352000000,0.306480000
SVN,2011,CONS_VA_SH,63.530000000,0.364700000
SVK,2011,CONS_VA_SH,68.252000000,0.317480000
NLD,2011,CONS_VA_SH,76.881000000,0.231190000
POL,2011,CONS_VA_SH,73.177000000,0.268230000
PRT,2011,CONS_VA_SH,74.961000000,0.250390000
SWE,2011,CONS_VA_SH,78.136000000,0.218640000
ESP,2011,CONS_VA_SH,81.148000000,0.188520000
LVA,2001,CONS_VA_SH,72.269000000,0.277310000
AUT,2008,CONS_VA_SH,73.616000000,0.263840000
FRA,2008,CONS_VA_SH,80.955000000,0.190450000
GRC,2008,CONS_VA_SH,77.348000000,0.226520000
IRL,2008,CONS_VA_SH,64.164000000,0.358360000
LTU,2008,CONS_VA_SH,68.326000000,0.316740000
POL,2008,CONS_VA_SH,74.527000000,0.254730000
ESP,2008,CONS_VA_SH,80.346000000,0.196540000
SWE,2008,CONS_VA_SH,76.376000000,0.236240000
BGR,2008,CONS_VA_SH,65.759000000,0.342410000
HRV,2008,CONS_VA_SH,72.582000000,0.274180000
CZE,2008,CONS_VA_SH,70.053000000,0.299470000
EST,2008,CONS_VA_SH,64.056000000,0.359440000
FIN,2008,CONS_VA_SH,75.470000000,0.245300000
DEU,2008,CONS_VA_SH,79.611000000,0.203890000
HUN,2008,CONS_VA_SH,66.693000000,0.333070000
ITA,2008,CONS_VA_SH,80.793000000,0.192070000
LVA,2008,CONS_VA_SH,71.055000000,0.289450000
SVK,2008,CONS_VA_SH,66.917000000,0.330830000
SVN,2008,CONS_VA_SH,64.015000000,0.359850000
CYP,2008,CONS_VA_SH,65.845000000,0.341550000
DNK,2008,CONS_VA_SH,74.484000000,0.255160000
NLD,2008,CONS_VA_SH,74.718000000,0.252820000
PRT,2008,CONS_VA_SH,73.702000000,0.262980000
BEL,2008,CONS_VA_SH,69.159000000,0.308410000
LUX,2008,CONS_VA_SH,59.503000000,0.404970000
CYP,2002,CONS_VA_SH,66.951000000,0.330490000
MLT,2002,CONS_VA_SH,65.745000000,0.342550000
HRV,2002,CONS_VA_SH,72.649000000,0.273510000
ROU,2002,CONS_VA_SH,81.923000000,0.180770000
CYP,2011,CONS_VA_SH,69.790000000,0.302100000
HRV,2011,CONS_VA_SH,75.169000000,0.248310000
POL,2005,CONS_VA_SH,77.589000000,0.224110000
ROU,2005,CONS_VA_SH,77.770000000,0.222300000
PRT,2005,CONS_VA_SH,75.742000000,0.242580000
ESP,2005,CONS_VA_SH,80.214000000,0.197860000
HRV,2005,CONS_VA_SH,72.039000000,0.279610000
SWE,2005,CONS_VA_SH,78.237000000,0.217630000
SVN,2005,CONS_VA_SH,67.272000000,0.327280000
BGR,2005,CONS_VA_SH,70.442000000,0.295580000
SVK,2005,CONS_VA_SH,66.571000000,0.334290000
MLT,2005,CONS_VA_SH,61.007000000,0.389930000
CYP,2005,CONS_VA_SH,69.447000000,0.305530000
IRL,2011,CONS_VA_SH,61.414000000,0.385860000
DNK,2011,CONS_VA_SH,76.479000000,0.235210000
LUX,2011,CONS_VA_SH,58.555000000,0.414450000
BEL,2011,CONS_VA_SH,69.006000000,0.309940000
GRC,2011,CONS_VA_SH,79.129000000,0.208710000
EST,2011,CONS_VA_SH,62.359000000,0.376410000
LTU,2011,CONS_VA_SH,64.542000000,0.354580000
AUT,2011,CONS_VA_SH,72.121000000,0.278790000
CZE,2011,CONS_VA_SH,68.092000000,0.319080000
LVA,2011,CONS_VA_SH,66.450000000,0.335500000
FRA,2011,CONS_VA_SH,80.465000000,0.195350000
DEU,2011,CONS_VA_SH,77.763000000,0.222370000
HUN,2011,CONS_VA_SH,66.046000000,0.339540000
ITA,2011,CONS_VA_SH,80.387000000,0.196130000
FIN,2011,CONS_VA_SH,76.349000000,0.236510000
ROU,2010,CONS_VA_SH,77.241000000,0.227590000
MLT,2010,CONS_VA_SH,59.483000000,0.405170000
BEL,2012,CONS_VA_SH,68.710000000,0.312900000
AUT,2012,CONS_VA_SH,72.137000000,0.278630000
BGR,2003,CONS_VA_SH,76.031000000,0.239690000
FIN,2003,CONS_VA_SH,79.835000000,0.201650000
PRT,2003,CONS_VA_SH,76.814000000,0.231860000
ITA,2003,CONS_VA_SH,83.143000000,0.168570000
ESP,2003,CONS_VA_SH,80.988000000,0.190120000
FRA,2003,CONS_VA_SH,83.523000000,0.164770000
GRC,2003,CONS_VA_SH,80.745000000,0.192550000
SVN,2003,CONS_VA_SH,70.324000000,0.296760000
POL,2003,CONS_VA_SH,77.648000000,0.223520000
SWE,2003,CONS_VA_SH,79.596000000,0.204040000
LVA,2003,CONS_VA_SH,72.319000000,0.276810000
HUN,2003,CONS_VA_SH,70.354000000,0.296460000
DEU,2003,CONS_VA_SH,82.258000000,0.177420000
AUT,2003,CONS_VA_SH,75.502000000,0.244980000
SVK,2003,CONS_VA_SH,72.278000000,0.277220000
LUX,2003,CONS_VA_SH,61.291000000,0.387090000
IRL,2003,CONS_VA_SH,67.611000000,0.323890000
NLD,2003,CONS_VA_SH,75.809000000,0.241910000
LTU,2003,CONS_VA_SH,73.349000000,0.266510000
EST,2003,CONS_VA_SH,68.979000000,0.310210000
BEL,2003,CONS_VA_SH,70.969000000,0.290310000
DNK,2003,CONS_VA_SH,80.336000000,0.196640000
NLD,2009,CONS_VA_SH,75.242000000,0.247580000
BEL,2009,CONS_VA_SH,70.755000000,0.292450000
IRL,2009,CONS_VA_SH,63.616000000,0.363840000
DNK,2009,CONS_VA_SH,77.534000000,0.224660000
LUX,2009,CONS_VA_SH,62.819000000,0.371810000
EST,2009,CONS_VA_SH,68.019000000,0.319810000
FRA,2009,CONS_VA_SH,82.293000000,0.177070000
AUT,2009,CONS_VA_SH,75.611000000,0.243890000
DEU,2009,CONS_VA_SH,80.977000000,0.190230000
GRC,2009,CONS_VA_SH,80.072000000,0.199280000
LTU,2009,CONS_VA_SH,72.628000000,0.273720000
POL,2009,CONS_VA_SH,75.823000000,0.241770000
SWE,2009,CONS_VA_SH,78.132000000,0.218680000
HUN,2009,CONS_VA_SH,67.676000000,0.323240000
SVN,2009,CONS_VA_SH,67.255000000,0.327450000
CZE,2009,CONS_VA_SH,71.334000000,0.286660000
SVK,2009,CONS_VA_SH,70.092000000,0.299080000
FIN,2009,CONS_VA_SH,78.685000000,0.213150000
LVA,2009,CONS_VA_SH,73.554000000,0.264460000
ITA,2009,CONS_VA_SH,82.966000000,0.170340000
PRT,2009,CONS_VA_SH,77.190000000,0.228100000
ESP,2009,CONS_VA_SH,83.087000000,0.169130000
ROU,2008,CONS_VA_SH,76.271000000,0.237290000
MLT,2008,CONS_VA_SH,57.942000000,0.420580000
CZE,2003,CONS_VA_SH,72.560000000,0.274400000
ROU,2009,CONS_VA_SH,79.780000000,0.202200000
HRV,2009,CONS_VA_SH,76.763000000,0.232370000
MLT,2009,CONS_VA_SH,60.608000000,0.393920000
CYP,2009,CONS_VA_SH,69.943000000,0.300570000
MLT,2003,CONS_VA_SH,65.588000000,0.344120000
CYP,2003,CONS_VA_SH,69.547000000,0.304530000
ROU,2003,CONS_VA_SH,79.863000000,0.201370000
ESP,2010,CONS_VA_SH,82.007000000,0.179930000
FIN,2010,CONS_VA_SH,77.416000000,0.225840000
ITA,2010,CONS_VA_SH,81.043000000,0.189570000
PRT,2010,CONS_VA_SH,75.358000000,0.246420000
HUN,2010,CONS_VA_SH,67.825000000,0.321750000
POL,2010,CONS_VA_SH,73.968000000,0.260320000
FRA,2010,CONS_VA_SH,81.174000000,0.188260000
SVK,2010,CONS_VA_SH,68.973000000,0.310270000
DEU,2010,CONS_VA_SH,78.876000000,0.211240000
LVA,2010,CONS_VA_SH,68.776000000,0.312240000
CZE,2010,CONS_VA_SH,69.916000000,0.300840000
AUT,2010,CONS_VA_SH,73.515000000,0.264850000
NLD,2010,CONS_VA_SH,77.390000000,0.226100000
LTU,2010,CONS_VA_SH,67.587000000,0.324130000
SVN,2010,CONS_VA_SH,65.545000000,0.344550000
EST,2010,CONS_VA_SH,64.750000000,0.352500000
GRC,2010,CONS_VA_SH,80.482000000,0.195180000
BEL,2010,CONS_VA_SH,70.155000000,0.298450000
LUX,2010,CONS_VA_SH,58.978000000,0.410220000
DNK,2010,CONS_VA_SH,77.375000000,0.226250000
IRL,2010,CONS_VA_SH,61.876000000,0.381240000
DNK,2004,CONS_VA_SH,79.243000000,0.207570000
BEL,2004,CONS_VA_SH,70.681000000,0.293190000
EST,2004,CONS_VA_SH,67.464000000,0.325360000
CZE,2004,CONS_VA_SH,70.719000000,0.292810000
AUT,2004,CONS_VA_SH,75.389000000,0.246110000
PRT,2006,CONS_VA_SH,75.065000000,0.249350000
FIN,2006,CONS_VA_SH,76.616000000,0.233840000
ITA,2006,CONS_VA_SH,80.897000000,0.191030000
ESP,2006,CONS_VA_SH,79.579000000,0.204210000
FRA,2006,CONS_VA_SH,81.698000000,0.183020000
POL,2006,CONS_VA_SH,76.290000000,0.237100000
HUN,2006,CONS_VA_SH,66.036000000,0.339640000
DEU,2006,CONS_VA_SH,79.716000000,0.202840000
SWE,2006,CONS_VA_SH,77.562000000,0.224380000
AUT,2006,CONS_VA_SH,73.878000000,0.261220000
LVA,2006,CONS_VA_SH,68.398000000,0.316020000
SVN,2006,CONS_VA_SH,66.168000000,0.338320000
GRC,2006,CONS_VA_SH,78.525000000,0.214750000
CZE,2006,CONS_VA_SH,69.547000000,0.304530000
SVK,2006,CONS_VA_SH,65.099000000,0.349010000
IRL,2006,CONS_VA_SH,63.231000000,0.367690000
EST,2006,CONS_VA_SH,64.794000000,0.352060000
LUX,2006,CONS_VA_SH,59.880000000,0.401200000
LTU,2006,CONS_VA_SH,68.304000000,0.316960000
NLD,2006,CONS_VA_SH,74.035000000,0.259650000
BEL,2006,CONS_VA_SH,70.626000000,0.293740000
DNK,2006,CONS_VA_SH,76.040000000,0.239600000
DNK,2005,CONS_VA_SH,77.436000000,0.225640000
BEL,2005,CONS_VA_SH,71.052000000,0.289480000
LUX,2005,CONS_VA_SH,59.894000000,0.401060000
LTU,2005,CONS_VA_SH,71.987000000,0.280130000
EST,2005,CONS_VA_SH,66.148000000,0.338520000
IRL,2005,CONS_VA_SH,63.857000000,0.361430000
GRC,2005,CONS_VA_SH,80.143000000,0.198570000
CZE,2005,CONS_VA_SH,70.067000000,0.299330000
LVA,2005,CONS_VA_SH,69.620000000,0.303800000
DEU,2005,CONS_VA_SH,80.687000000,0.193130000
AUT,2005,CONS_VA_SH,74.596000000,0.254040000
HUN,2005,CONS_VA_SH,68.612000000,0.313880000
FRA,2005,CONS_VA_SH,82.299000000,0.177010000
ITA,2005,CONS_VA_SH,82.102000000,0.178980000
FIN,2005,CONS_VA_SH,77.477000000,0.225230000
ROU,2004,CONS_VA_SH,78.833000000,0.211670000
MLT,2004,CONS_VA_SH,63.352000000,0.366480000
LTU,1997,CONS_VA_SH,72.049000000,0.279510000
LUX,1997,CONS_VA_SH,60.658000000,0.393420000
HUN,1997,CONS_VA_SH,76.105000000,0.238950000
LVA,1997,CONS_VA_SH,70.965000000,0.290350000
DEU,1997,CONS_VA_SH,83.604000000,0.163960000
IRL,1997,CONS_VA_SH,71.164000000,0.288360000
ITA,1997,CONS_VA_SH,84.505000000,0.154950000
GRC,1997,CONS_VA_SH,85.295000000,0.147050000
FRA,1997,CONS_VA_SH,84.903000000,0.150970000
FIN,1997,CONS_VA_SH,80.788000000,0.192120000
FIN,2004,CONS_VA_SH,79.270000000,0.207300000
PRT,2004,CONS_VA_SH,76.012000000,0.239880000
ITA,2004,CONS_VA_SH,82.866000000,0.171340000
ESP,2004,CONS_VA_SH,80.589000000,0.194110000
GRC,2004,CONS_VA_SH,80.315000000,0.196850000
HUN,2004,CONS_VA_SH,69.772000000,0.302280000
LVA,2004,CONS_VA_SH,69.672000000,0.303280000
POL,2004,CONS_VA_SH,77.435000000,0.225650000
HRV,2004,CONS_VA_SH,72.276000000,0.277240000
FRA,2004,CONS_VA_SH,83.124000000,0.168760000
DEU,2004,CONS_VA_SH,81.887000000,0.181130000
SWE,2004,CONS_VA_SH,79.398000000,0.206020000
SVN,2004,CONS_VA_SH,68.886000000,0.311140000
LTU,2004,CONS_VA_SH,72.662000000,0.273380000
BGR,2004,CONS_VA_SH,72.359000000,0.276410000
SVK,2004,CONS_VA_SH,68.445000000,0.315550000
LUX,2004,CONS_VA_SH,59.926000000,0.400740000
IRL,2004,CONS_VA_SH,66.163000000,0.338370000
NLD,2004,CONS_VA_SH,74.972000000,0.250280000
CYP,2004,CONS_VA_SH,68.663000000,0.313370000
DNK,2002,CONS_VA_SH,79.506000000,0.204940000
NLD,2002,CONS_VA_SH,76.382000000,0.236180000
BEL,2002,CONS_VA_SH,70.585000000,0.294150000
EST,2002,CONS_VA_SH,68.619000000,0.313810000
LTU,2002,CONS_VA_SH,73.316000000,0.266840000
IRL,2002,CONS_VA_SH,65.159000000,0.348410000
LUX,2002,CONS_VA_SH,61.603000000,0.383970000
AUT,2002,CONS_VA_SH,75.318000000,0.246820000
SVK,2002,CONS_VA_SH,71.721000000,0.282790000
CZE,2002,CONS_VA_SH,73.142000000,0.268580000
DEU,2002,CONS_VA_SH,82.556000000,0.174440000
HUN,2002,CONS_VA_SH,70.711000000,0.292890000
SVN,2002,CONS_VA_SH,70.434000000,0.295660000
SWE,2002,CONS_VA_SH,79.070000000,0.209300000
GRC,2002,CONS_VA_SH,79.894000000,0.201060000
ESP,2002,CONS_VA_SH,80.487000000,0.195130000
FRA,2002,CONS_VA_SH,83.291000000,0.167090000
ITA,2002,CONS_VA_SH,82.687000000,0.173130000
POL,2002,CONS_VA_SH,78.961000000,0.210390000
PRT,2002,CONS_VA_SH,76.007000000,0.239930000
LVA,2002,CONS_VA_SH,72.669000000,0.273310000
FIN,2002,CONS_VA_SH,80.568000000,0.194320000
CYP,1996,CONS_VA_SH,66.264000000,0.337360000
HRV,1996,CONS_VA_SH,76.425000000,0.235750000
BGR,1996,CONS_VA_SH,79.717000000,0.202830000
NLD,2005,CONS_VA_SH,74.544000000,0.254560000
LTU,2001,CONS_VA_SH,73.487000000,0.265130000
PRT,2001,CONS_VA_SH,75.084000000,0.249160000
POL,2001,CONS_VA_SH,79.816000000,0.201840000
ROU,2001,CONS_VA_SH,81.759000000,0.182410000
ESP,2001,CONS_VA_SH,79.875000000,0.201250000
HRV,2001,CONS_VA_SH,73.990000000,0.260100000
SVK,2001,CONS_VA_SH,71.548000000,0.284520000
SVN,2001,CONS_VA_SH,69.790000000,0.302100000
SWE,2001,CONS_VA_SH,78.554000000,0.214460000
BGR,2001,CONS_VA_SH,76.035000000,0.239650000
LUX,2001,CONS_VA_SH,60.187000000,0.398130000
MLT,2001,CONS_VA_SH,64.959000000,0.350410000
NLD,2001,CONS_VA_SH,75.779000000,0.242210000
CYP,2001,CONS_VA_SH,65.716000000,0.342840000
NLD,1999,CONS_VA_SH,74.983000000,0.250170000
BEL,1999,CONS_VA_SH,71.720000000,0.282800000
EST,1999,CONS_VA_SH,66.248000000,0.337520000
DNK,1999,CONS_VA_SH,81.018000000,0.189820000
LUX,1999,CONS_VA_SH,60.520000000,0.394800000
CZE,1999,CONS_VA_SH,72.240000000,0.277600000
HUN,1999,CONS_VA_SH,71.354000000,0.286460000
IRL,1999,CONS_VA_SH,67.692000000,0.323080000
DEU,1999,CONS_VA_SH,82.963000000,0.170370000
SVN,1999,CONS_VA_SH,70.468000000,0.295320000
AUT,1999,CONS_VA_SH,76.188000000,0.238120000
SWE,1999,CONS_VA_SH,79.970000000,0.200300000
SVK,1999,CONS_VA_SH,75.307000000,0.246930000
LVA,1999,CONS_VA_SH,72.672000000,0.273280000
POL,1999,CONS_VA_SH,80.720000000,0.192800000
ESP,1999,CONS_VA_SH,80.896000000,0.191040000
GRC,1999,CONS_VA_SH,82.642000000,0.173580000
ITA,1999,CONS_VA_SH,84.036000000,0.159640000
FRA,1999,CONS_VA_SH,84.320000000,0.156800000
PRT,1999,CONS_VA_SH,75.582000000,0.244180000
LTU,1999,CONS_VA_SH,75.756000000,0.242440000
FIN,1999,CONS_VA_SH,81.445000000,0.185550000
HRV,2003,CONS_VA_SH,72.436000000,0.275640000
PRT,1997,CONS_VA_SH,76.500000000,0.235000000
POL,1997,CONS_VA_SH,83.010000000,0.169900000
ESP,1997,CONS_VA_SH,82.561000000,0.174390000
SWE,1997,CONS_VA_SH,80.742000000,0.192580000
SVN,1997,CONS_VA_SH,70.578000000,0.294220000
ROU,1997,CONS_VA_SH,80.472000000,0.195280000
SVK,1997,CONS_VA_SH,72.900000000,0.271000000
HRV,1997,CONS_VA_SH,72.782000000,0.272180000
BGR,1997,CONS_VA_SH,79.514000000,0.204860000
NLD,1997,CONS_VA_SH,75.074000000,0.249260000
MLT,1997,CONS_VA_SH,66.117000000,0.338830000
CYP,1997,CONS_VA_SH,66.215000000,0.337850000
CYP,1999,CONS_VA_SH,67.405000000,0.325950000
MLT,1999,CONS_VA_SH,65.321000000,0.346790000
BGR,1999,CONS_VA_SH,76.773000000,0.232270000
HRV,1999,CONS_VA_SH,77.526000000,0.224740000
ROU,1999,CONS_VA_SH,80.813000000,0.191870000
BGR,2002,CONS_VA_SH,77.432000000,0.225680000
BEL,2000,CONS_VA_SH,69.171000000,0.308290000
CZE,2000,CONS_VA_SH,70.425000000,0.295750000
AUT,2000,CONS_VA_SH,75.075000000,0.249250000
ROU,1998,CONS_VA_SH,81.112000000,0.188880000
HRV,1998,CONS_VA_SH,77.156000000,0.228440000
BGR,1998,CONS_VA_SH,82.805000000,0.171950000
MLT,1998,CONS_VA_SH,66.481000000,0.335190000
CYP,1998,CONS_VA_SH,67.853000000,0.321470000
MLT,2000,CONS_VA_SH,62.754000000,0.372460000
ROU,2000,CONS_VA_SH,82.443000000,0.175570000
FIN,2001,CONS_VA_SH,80.547000000,0.194530000
ITA,2001,CONS_VA_SH,82.336000000,0.176640000
FRA,2001,CONS_VA_SH,82.856000000,0.171440000
DEU,2001,CONS_VA_SH,81.539000000,0.184610000
GRC,2001,CONS_VA_SH,79.204000000,0.207960000
HUN,2001,CONS_VA_SH,69.192000000,0.308080000
AUT,2001,CONS_VA_SH,74.926000000,0.250740000
CZE,2001,CONS_VA_SH,71.341000000,0.286590000
BEL,2001,CONS_VA_SH,69.367000000,0.306330000
IRL,2001,CONS_VA_SH,64.448000000,0.355520000
EST,2001,CONS_VA_SH,69.571000000,0.304290000
DNK,2001,CONS_VA_SH,79.817000000,0.201830000
FIN,2000,CONS_VA_SH,79.462000000,0.205380000
PRT,2000,CONS_VA_SH,74.269000000,0.257310000
FRA,2000,CONS_VA_SH,82.910000000,0.170900000
POL,2000,CONS_VA_SH,78.477000000,0.215230000
ITA,2000,CONS_VA_SH,82.104000000,0.178960000
ESP,2000,CONS_VA_SH,79.741000000,0.202590000
LVA,2000,CONS_VA_SH,73.595000000,0.264050000
DNK,2000,CONS_VA_SH,79.512000000,0.204880000
DEU,2000,CONS_VA_SH,81.201000000,0.187990000
HRV,2000,CONS_VA_SH,75.963000000,0.240370000
SVN,2000,CONS_VA_SH,69.405000000,0.305950000
SVK,2000,CONS_VA_SH,73.200000000,0.268000000
GRC,2000,CONS_VA_SH,79.077000000,0.209230000
BGR,2000,CONS_VA_SH,77.507000000,0.224930000
SWE,2000,CONS_VA_SH,78.796000000,0.212040000
LTU,2000,CONS_VA_SH,74.859000000,0.251410000
LUX,2000,CONS_VA_SH,59.679000000,0.403210000
HUN,2000,CONS_VA_SH,68.058000000,0.319420000
IRL,2000,CONS_VA_SH,64.435000000,0.355650000
EST,2000,CONS_VA_SH,70.459000000,0.295410000
NLD,2000,CONS_VA_SH,75.048000000,0.249520000
CYP,2000,CONS_VA_SH,65.100000000,0.349000000
NLD,1998,CONS_VA_SH,75.312000000,0.246880000
BEL,1998,CONS_VA_SH,71.404000000,0.285960000
EST,1998,CONS_VA_SH,63.248000000,0.367520000
DNK,1998,CONS_VA_SH,80.558000000,0.194420000
SVN,1998,CONS_VA_SH,70.399000000,0.296010000
LUX,1998,CONS_VA_SH,59.115000000,0.408850000
AUT,1998,CONS_VA_SH,76.122000000,0.238780000
CZE,1998,CONS_VA_SH,73.059000000,0.269410000
HUN,1998,CONS_VA_SH,73.269000000,0.267310000
IRL,1998,CONS_VA_SH,67.498000000,0.325020000
LVA,1998,CONS_VA_SH,70.870000000,0.291300000
DEU,1998,CONS_VA_SH,83.515000000,0.164850000
SVK,1998,CONS_VA_SH,73.913000000,0.260870000
LTU,1998,CONS_VA_SH,72.901000000,0.270990000
SWE,1998,CONS_VA_SH,80.294000000,0.197060000
POL,1998,CONS_VA_SH,80.748000000,0.192520000
ESP,1998,CONS_VA_SH,81.946000000,0.180540000
PRT,1998,CONS_VA_SH,75.946000000,0.240540000
ITA,1998,CONS_VA_SH,84.272000000,0.157280000
FRA,1998,CONS_VA_SH,84.563000000,0.154370000
GRC,1998,CONS_VA_SH,83.770000000,0.162300000
FIN,1998,CONS_VA_SH,80.965000000,0.190350000
POL,1996,CONS_VA_SH,84.981000000,0.150190000
FIN,1996,CONS_VA_SH,81.153000000,0.188470000
GRC,1996,CONS_VA_SH,85.201000000,0.147990000
FRA,1996,CONS_VA_SH,85.489000000,0.145110000
SWE,1996,CONS_VA_SH,81.684000000,0.183160000
ESP,1996,CONS_VA_SH,83.898000000,0.161020000
PRT,1996,CONS_VA_SH,77.154000000,0.228460000
LUX,1996,CONS_VA_SH,62.449000000,0.375510000
ITA,1996,CONS_VA_SH,85.336000000,0.146640000
SVN,1996,CONS_VA_SH,71.200000000,0.288000000
DEU,1996,CONS_VA_SH,85.019000000,0.149810000
IRL,1996,CONS_VA_SH,71.913000000,0.280870000
LTU,1996,CONS_VA_SH,74.417000000,0.255830000
SVK,1996,CONS_VA_SH,72.762000000,0.272380000
LVA,1996,CONS_VA_SH,70.977000000,0.290230000
ROU,1996,CONS_VA_SH,80.622000000,0.193780000
HUN,1996,CONS_VA_SH,78.463000000,0.215370000
NLD,1996,CONS_VA_SH,75.084000000,0.249160000
MLT,1996,CONS_VA_SH,64.824000000,0.351760000
NLD,1995,CONS_VA_SH,75.446000000,0.245540000
BEL,1995,CONS_VA_SH,72.469000000,0.275310000
DNK,1995,CONS_VA_SH,81.545000000,0.184550000
EST,1995,CONS_VA_SH,64.630000000,0.353700000
CZE,1995,CONS_VA_SH,73.276000000,0.267240000
DEU,1995,CONS_VA_SH,84.962000000,0.150380000
HUN,1995,CONS_VA_SH,79.181000000,0.208190000
ITA,1995,CONS_VA_SH,84.261000000,0.157390000
SVK,1995,CONS_VA_SH,73.568000000,0.264320000
LTU,1995,CONS_VA_SH,75.323000000,0.246770000
SVN,1995,CONS_VA_SH,70.966000000,0.290340000
LVA,1995,CONS_VA_SH,73.096000000,0.269040000
IRL,1995,CONS_VA_SH,72.521000000,0.274790000
ESP,1995,CONS_VA_SH,83.864000000,0.161360000
LUX,1995,CONS_VA_SH,63.697000000,0.363030000
PRT,1995,CONS_VA_SH,77.456000000,0.225440000
AUT,1995,CONS_VA_SH,78.732000000,0.212680000
SWE,1995,CONS_VA_SH,81.376000000,0.186240000
FRA,1995,CONS_VA_SH,85.532000000,0.144680000
GRC,1995,CONS_VA_SH,85.527000000,0.144730000
FIN,1995,CONS_VA_SH,82.046000000,0.179540000
POL,1995,CONS_VA_SH,86.584000000,0.134160000
AUT,1997,CONS_VA_SH,76.720000000,0.232800000
CZE,1997,CONS_VA_SH,72.411000000,0.275890000
EST,1997,CONS_VA_SH,62.982000000,0.370180000
BEL,1997,CONS_VA_SH,71.386000000,0.286140000
DNK,1997,CONS_VA_SH,80.700000000,0.193000000
HRV,1995,CONS_VA_SH,76.150000000,0.238500000
ROU,1995,CONS_VA_SH,82.936000000,0.170640000
BGR,1995,CONS_VA_SH,87.645000000,0.123550000
MLT,1995,CONS_VA_SH,64.346000000,0.356540000
CYP,1995,CONS_VA_SH,66.095000000,0.339050000
BEL,1996,CONS_VA_SH,72.068000000,0.279320000
DNK,1996,CONS_VA_SH,81.384000000,0.186160000
CZE,1996,CONS_VA_SH,73.481000000,0.265190000
AUT,1996,CONS_VA_SH,77.661000000,0.223390000
EST,1996,CONS_VA_SH,64.236000000,0.357640000
